CamEngine/Recognition/data/satudora/crop/01_679_01.jpg,0
CamEngine/Recognition/data/satudora/crop/01_1001_00.jpg,0
CamEngine/Recognition/data/satudora/crop/01_998_00.jpg,0
CamEngine/Recognition/data/satudora/crop/01_979_00.jpg,0
CamEngine/Recognition/data/satudora/crop/01_984_00.jpg,0
CamEngine/Recognition/data/satudora/crop/01_1013_00.jpg,0
CamEngine/Recognition/data/satudora/crop/01_922_01.jpg,0
CamEngine/Recognition/data/satudora/crop/01_927_01.jpg,0
CamEngine/Recognition/data/satudora/crop/01_670_00.jpg,0
CamEngine/Recognition/data/satudora/crop/01_1092_01.jpg,0
CamEngine/Recognition/data/satudora/crop/01_912_00.jpg,0
CamEngine/Recognition/data/satudora/crop/01_112_00.jpg,0
CamEngine/Recognition/data/satudora/crop/01_1066_00.jpg,0
CamEngine/Recognition/data/satudora/crop/01_1089_01.jpg,0
CamEngine/Recognition/data/satudora/crop/01_682_00.jpg,0
CamEngine/Recognition/data/satudora/crop/01_909_00.jpg,0
CamEngine/Recognition/data/satudora/crop/01_1023_00.jpg,0
CamEngine/Recognition/data/satudora/crop/01_103_00.jpg,0
CamEngine/Recognition/data/satudora/crop/01_1037_00.jpg,0
CamEngine/Recognition/data/satudora/crop/01_1025_00.jpg,0
CamEngine/Recognition/data/satudora/crop/01_971_00.jpg,0
CamEngine/Recognition/data/satudora/crop/01_1052_00.jpg,0
CamEngine/Recognition/data/satudora/crop/01_1074_00.jpg,0
CamEngine/Recognition/data/satudora/crop/01_684_00.jpg,0
CamEngine/Recognition/data/satudora/crop/01_1005_00.jpg,0
CamEngine/Recognition/data/satudora/crop/01_921_00.jpg,0
CamEngine/Recognition/data/satudora/crop/01_90_00.jpg,0
CamEngine/Recognition/data/satudora/crop/01_1079_00.jpg,0
CamEngine/Recognition/data/satudora/crop/01_1049_00.jpg,0
CamEngine/Recognition/data/satudora/crop/01_118_01.jpg,0
CamEngine/Recognition/data/satudora/crop/01_1015_00.jpg,0
CamEngine/Recognition/data/satudora/crop/01_1028_00.jpg,0
CamEngine/Recognition/data/satudora/crop/01_951_00.jpg,0
CamEngine/Recognition/data/satudora/crop/01_681_01.jpg,0
CamEngine/Recognition/data/satudora/crop/01_689_01.jpg,0
CamEngine/Recognition/data/satudora/crop/01_917_00.jpg,0
CamEngine/Recognition/data/satudora/crop/01_1021_00.jpg,0
CamEngine/Recognition/data/satudora/crop/01_978_00.jpg,0
CamEngine/Recognition/data/satudora/crop/01_660_00.jpg,0
CamEngine/Recognition/data/satudora/crop/01_674_00.jpg,0
CamEngine/Recognition/data/satudora/crop/01_954_00.jpg,0
CamEngine/Recognition/data/satudora/crop/01_102_00.jpg,0
CamEngine/Recognition/data/satudora/crop/01_1009_00.jpg,0
CamEngine/Recognition/data/satudora/crop/01_1086_01.jpg,0
CamEngine/Recognition/data/satudora/crop/01_663_00.jpg,0
CamEngine/Recognition/data/satudora/crop/01_1012_00.jpg,0
CamEngine/Recognition/data/satudora/crop/01_952_00.jpg,0
CamEngine/Recognition/data/satudora/crop/01_963_00.jpg,0
CamEngine/Recognition/data/satudora/crop/01_934_00.jpg,0
CamEngine/Recognition/data/satudora/crop/01_690_00.jpg,0
CamEngine/Recognition/data/satudora/crop/01_665_01.jpg,0
CamEngine/Recognition/data/satudora/crop/01_1070_00.jpg,0
CamEngine/Recognition/data/satudora/crop/01_993_00.jpg,0
CamEngine/Recognition/data/satudora/crop/01_672_00.jpg,0
CamEngine/Recognition/data/satudora/crop/01_117_01.jpg,0
CamEngine/Recognition/data/satudora/crop/01_960_00.jpg,0
CamEngine/Recognition/data/satudora/crop/01_932_00.jpg,0
CamEngine/Recognition/data/satudora/crop/01_122_01.jpg,0
CamEngine/Recognition/data/satudora/crop/01_1002_00.jpg,0
CamEngine/Recognition/data/satudora/crop/01_1068_00.jpg,0
CamEngine/Recognition/data/satudora/crop/01_1004_00.jpg,0
CamEngine/Recognition/data/satudora/crop/01_964_00.jpg,0
CamEngine/Recognition/data/satudora/crop/01_977_00.jpg,0
CamEngine/Recognition/data/satudora/crop/01_115_01.jpg,0
CamEngine/Recognition/data/satudora/crop/01_968_00.jpg,0
CamEngine/Recognition/data/satudora/crop/01_106_01.jpg,0
CamEngine/Recognition/data/satudora/crop/01_659_01.jpg,0
CamEngine/Recognition/data/satudora/crop/01_1024_00.jpg,0
CamEngine/Recognition/data/satudora/crop/01_105_01.jpg,0
CamEngine/Recognition/data/satudora/crop/01_1042_00.jpg,0
CamEngine/Recognition/data/satudora/crop/01_111_01.jpg,0
CamEngine/Recognition/data/satudora/crop/01_1054_00.jpg,0
CamEngine/Recognition/data/satudora/crop/01_1084_01.jpg,0
CamEngine/Recognition/data/satudora/crop/01_1038_00.jpg,0
CamEngine/Recognition/data/satudora/crop/01_942_00.jpg,0
CamEngine/Recognition/data/satudora/crop/01_1062_00.jpg,0
CamEngine/Recognition/data/satudora/crop/01_671_01.jpg,0
CamEngine/Recognition/data/satudora/crop/01_907_00.jpg,0
CamEngine/Recognition/data/satudora/crop/01_982_00.jpg,0
CamEngine/Recognition/data/satudora/crop/01_970_00.jpg,0
CamEngine/Recognition/data/satudora/crop/01_983_00.jpg,0
CamEngine/Recognition/data/satudora/crop/01_1075_00.jpg,0
CamEngine/Recognition/data/satudora/crop/01_1056_01.jpg,0
CamEngine/Recognition/data/satudora/crop/01_96_00.jpg,0
CamEngine/Recognition/data/satudora/crop/01_1008_00.jpg,0
CamEngine/Recognition/data/satudora/crop/01_989_00.jpg,0
CamEngine/Recognition/data/satudora/crop/01_1036_00.jpg,0
CamEngine/Recognition/data/satudora/crop/01_1072_00.jpg,0
CamEngine/Recognition/data/satudora/crop/01_667_00.jpg,0
CamEngine/Recognition/data/satudora/crop/01_913_00.jpg,0
CamEngine/Recognition/data/satudora/crop/01_1034_00.jpg,0
CamEngine/Recognition/data/satudora/crop/01_1082_01.jpg,0
CamEngine/Recognition/data/satudora/crop/01_953_00.jpg,0
CamEngine/Recognition/data/satudora/crop/01_97_00.jpg,0
CamEngine/Recognition/data/satudora/crop/01_677_01.jpg,0
CamEngine/Recognition/data/satudora/crop/01_997_00.jpg,0
CamEngine/Recognition/data/satudora/crop/01_1069_00.jpg,0
CamEngine/Recognition/data/satudora/crop/01_1032_00.jpg,0
CamEngine/Recognition/data/satudora/crop/01_119_01.jpg,0
CamEngine/Recognition/data/satudora/crop/01_1081_01.jpg,0
CamEngine/Recognition/data/satudora/crop/01_101_00.jpg,0
CamEngine/Recognition/data/satudora/crop/01_687_01.jpg,0
CamEngine/Recognition/data/satudora/crop/01_121_01.jpg,0
CamEngine/Recognition/data/satudora/crop/01_653_00.jpg,0
CamEngine/Recognition/data/satudora/crop/01_1041_00.jpg,0
CamEngine/Recognition/data/satudora/crop/01_1003_01.jpg,0
CamEngine/Recognition/data/satudora/crop/01_1045_00.jpg,0
CamEngine/Recognition/data/satudora/crop/01_1017_00.jpg,0
CamEngine/Recognition/data/satudora/crop/01_1031_00.jpg,0
CamEngine/Recognition/data/satudora/crop/01_98_00.jpg,0
CamEngine/Recognition/data/satudora/crop/01_688_00.jpg,0
CamEngine/Recognition/data/satudora/crop/01_661_01.jpg,0
CamEngine/Recognition/data/satudora/crop/01_93_00.jpg,0
CamEngine/Recognition/data/satudora/crop/01_920_00.jpg,0
CamEngine/Recognition/data/satudora/crop/01_1014_00.jpg,0
CamEngine/Recognition/data/satudora/crop/01_961_00.jpg,0
CamEngine/Recognition/data/satudora/crop/01_694_00.jpg,0
CamEngine/Recognition/data/satudora/crop/01_109_01.jpg,0
CamEngine/Recognition/data/satudora/crop/01_987_00.jpg,0
CamEngine/Recognition/data/satudora/crop/01_1094_00.jpg,0
CamEngine/Recognition/data/satudora/crop/01_995_00.jpg,0
CamEngine/Recognition/data/satudora/crop/01_680_00.jpg,0
CamEngine/Recognition/data/satudora/crop/01_926_01.jpg,0
CamEngine/Recognition/data/satudora/crop/01_936_00.jpg,0
CamEngine/Recognition/data/satudora/crop/01_656_01.jpg,0
CamEngine/Recognition/data/satudora/crop/01_940_00.jpg,0
CamEngine/Recognition/data/satudora/crop/01_1000_00.jpg,0
CamEngine/Recognition/data/satudora/crop/01_1087_01.jpg,0
CamEngine/Recognition/data/satudora/crop/01_944_00.jpg,0
CamEngine/Recognition/data/satudora/crop/01_939_00.jpg,0
CamEngine/Recognition/data/satudora/crop/01_1058_00.jpg,0
CamEngine/Recognition/data/satudora/crop/01_94_01.jpg,0
CamEngine/Recognition/data/satudora/crop/01_87_01.jpg,0
CamEngine/Recognition/data/satudora/crop/01_1030_00.jpg,0
CamEngine/Recognition/data/satudora/crop/01_976_00.jpg,0
CamEngine/Recognition/data/satudora/crop/01_929_01.jpg,0
CamEngine/Recognition/data/satudora/crop/01_1019_00.jpg,0
CamEngine/Recognition/data/satudora/crop/01_664_01.jpg,0
CamEngine/Recognition/data/satudora/crop/02_233_00.jpg,1
CamEngine/Recognition/data/satudora/crop/02_1037_01.jpg,1
CamEngine/Recognition/data/satudora/crop/02_1304_01.jpg,1
CamEngine/Recognition/data/satudora/crop/02_1367_00.jpg,1
CamEngine/Recognition/data/satudora/crop/02_1016_01.jpg,1
CamEngine/Recognition/data/satudora/crop/02_487_01.jpg,1
CamEngine/Recognition/data/satudora/crop/02_215_01.jpg,1
CamEngine/Recognition/data/satudora/crop/02_1141_00.jpg,1
CamEngine/Recognition/data/satudora/crop/02_1354_01.jpg,1
CamEngine/Recognition/data/satudora/crop/02_1475_01.jpg,1
CamEngine/Recognition/data/satudora/crop/02_1362_00.jpg,1
CamEngine/Recognition/data/satudora/crop/02_1299_01.jpg,1
CamEngine/Recognition/data/satudora/crop/02_267_00.jpg,1
CamEngine/Recognition/data/satudora/crop/02_1303_01.jpg,1
CamEngine/Recognition/data/satudora/crop/02_1019_01.jpg,1
CamEngine/Recognition/data/satudora/crop/02_1126_00.jpg,1
CamEngine/Recognition/data/satudora/crop/02_492_00.jpg,1
CamEngine/Recognition/data/satudora/crop/02_1479_00.jpg,1
CamEngine/Recognition/data/satudora/crop/02_256_01.jpg,1
CamEngine/Recognition/data/satudora/crop/02_243_00.jpg,1
CamEngine/Recognition/data/satudora/crop/02_504_00.jpg,1
CamEngine/Recognition/data/satudora/crop/02_862_00.jpg,1
CamEngine/Recognition/data/satudora/crop/02_524_00.jpg,1
CamEngine/Recognition/data/satudora/crop/02_1294_01.jpg,1
CamEngine/Recognition/data/satudora/crop/02_270_01.jpg,1
CamEngine/Recognition/data/satudora/crop/02_253_00.jpg,1
CamEngine/Recognition/data/satudora/crop/02_501_00.jpg,1
CamEngine/Recognition/data/satudora/crop/02_1292_00.jpg,1
CamEngine/Recognition/data/satudora/crop/02_244_01.jpg,1
CamEngine/Recognition/data/satudora/crop/02_512_00.jpg,1
CamEngine/Recognition/data/satudora/crop/02_1030_01.jpg,1
CamEngine/Recognition/data/satudora/crop/02_230_00.jpg,1
CamEngine/Recognition/data/satudora/crop/02_1291_00.jpg,1
CamEngine/Recognition/data/satudora/crop/02_1306_01.jpg,1
CamEngine/Recognition/data/satudora/crop/02_1311_00.jpg,1
CamEngine/Recognition/data/satudora/crop/02_1459_01.jpg,1
CamEngine/Recognition/data/satudora/crop/02_1143_00.jpg,1
CamEngine/Recognition/data/satudora/crop/02_1361_01.jpg,1
CamEngine/Recognition/data/satudora/crop/02_1346_00.jpg,1
CamEngine/Recognition/data/satudora/crop/02_1353_01.jpg,1
CamEngine/Recognition/data/satudora/crop/02_1310_01.jpg,1
CamEngine/Recognition/data/satudora/crop/02_1288_01.jpg,1
CamEngine/Recognition/data/satudora/crop/02_858_00.jpg,1
CamEngine/Recognition/data/satudora/crop/02_1033_01.jpg,1
CamEngine/Recognition/data/satudora/crop/02_221_01.jpg,1
CamEngine/Recognition/data/satudora/crop/02_488_00.jpg,1
CamEngine/Recognition/data/satudora/crop/02_1464_01.jpg,1
CamEngine/Recognition/data/satudora/crop/02_1366_00.jpg,1
CamEngine/Recognition/data/satudora/crop/02_1298_01.jpg,1
CamEngine/Recognition/data/satudora/crop/02_1151_00.jpg,1
CamEngine/Recognition/data/satudora/crop/02_1150_00.jpg,1
CamEngine/Recognition/data/satudora/crop/02_873_00.jpg,1
CamEngine/Recognition/data/satudora/crop/02_269_00.jpg,1
CamEngine/Recognition/data/satudora/crop/02_878_01.jpg,1
CamEngine/Recognition/data/satudora/crop/02_495_00.jpg,1
CamEngine/Recognition/data/satudora/crop/02_1355_00.jpg,1
CamEngine/Recognition/data/satudora/crop/02_484_00.jpg,1
CamEngine/Recognition/data/satudora/crop/02_867_01.jpg,1
CamEngine/Recognition/data/satudora/crop/02_1133_00.jpg,1
CamEngine/Recognition/data/satudora/crop/02_1301_01.jpg,1
CamEngine/Recognition/data/satudora/crop/02_865_01.jpg,1
CamEngine/Recognition/data/satudora/crop/02_1025_01.jpg,1
CamEngine/Recognition/data/satudora/crop/02_1350_01.jpg,1
CamEngine/Recognition/data/satudora/crop/02_248_01.jpg,1
CamEngine/Recognition/data/satudora/crop/02_236_01.jpg,1
CamEngine/Recognition/data/satudora/crop/02_1462_00.jpg,1
CamEngine/Recognition/data/satudora/crop/02_1012_01.jpg,1
CamEngine/Recognition/data/satudora/crop/02_239_00.jpg,1
CamEngine/Recognition/data/satudora/crop/02_250_01.jpg,1
CamEngine/Recognition/data/satudora/crop/02_486_01.jpg,1
CamEngine/Recognition/data/satudora/crop/02_859_00.jpg,1
CamEngine/Recognition/data/satudora/crop/02_1478_01.jpg,1
CamEngine/Recognition/data/satudora/crop/02_1458_00.jpg,1
CamEngine/Recognition/data/satudora/crop/02_1364_01.jpg,1
CamEngine/Recognition/data/satudora/crop/02_1463_00.jpg,1
CamEngine/Recognition/data/satudora/crop/02_881_01.jpg,1
CamEngine/Recognition/data/satudora/crop/02_1363_01.jpg,1
CamEngine/Recognition/data/satudora/crop/02_1348_01.jpg,1
CamEngine/Recognition/data/satudora/crop/02_272_01.jpg,1
CamEngine/Recognition/data/satudora/crop/02_515_00.jpg,1
CamEngine/Recognition/data/satudora/crop/02_521_01.jpg,1
CamEngine/Recognition/data/satudora/crop/02_510_00.jpg,1
CamEngine/Recognition/data/satudora/crop/02_1469_00.jpg,1
CamEngine/Recognition/data/satudora/crop/02_1470_00.jpg,1
CamEngine/Recognition/data/satudora/crop/02_214_01.jpg,1
CamEngine/Recognition/data/satudora/crop/02_219_01.jpg,1
CamEngine/Recognition/data/satudora/crop/02_1029_01.jpg,1
CamEngine/Recognition/data/satudora/crop/02_507_01.jpg,1
CamEngine/Recognition/data/satudora/crop/02_1300_01.jpg,1
CamEngine/Recognition/data/satudora/crop/02_857_00.jpg,1
CamEngine/Recognition/data/satudora/crop/02_1347_00.jpg,1
CamEngine/Recognition/data/satudora/crop/02_498_01.jpg,1
CamEngine/Recognition/data/satudora/crop/02_523_01.jpg,1
CamEngine/Recognition/data/satudora/crop/02_1360_01.jpg,1
CamEngine/Recognition/data/satudora/crop/02_1013_01.jpg,1
CamEngine/Recognition/data/satudora/crop/02_1473_00.jpg,1
CamEngine/Recognition/data/satudora/crop/02_866_01.jpg,1
CamEngine/Recognition/data/satudora/crop/02_879_01.jpg,1
CamEngine/Recognition/data/satudora/crop/02_1132_00.jpg,1
CamEngine/Recognition/data/satudora/crop/02_271_00.jpg,1
CamEngine/Recognition/data/satudora/crop/02_1477_00.jpg,1
CamEngine/Recognition/data/satudora/crop/02_254_01.jpg,1
CamEngine/Recognition/data/satudora/crop/02_499_00.jpg,1
CamEngine/Recognition/data/satudora/crop/02_1038_01.jpg,1
CamEngine/Recognition/data/satudora/crop/02_1474_00.jpg,1
CamEngine/Recognition/data/satudora/crop/02_1148_00.jpg,1
CamEngine/Recognition/data/satudora/crop/02_1466_00.jpg,1
CamEngine/Recognition/data/satudora/crop/02_1471_00.jpg,1
CamEngine/Recognition/data/satudora/crop/02_513_01.jpg,1
CamEngine/Recognition/data/satudora/crop/02_1452_00.jpg,1
CamEngine/Recognition/data/satudora/crop/02_220_01.jpg,1
CamEngine/Recognition/data/satudora/crop/02_1465_01.jpg,1
CamEngine/Recognition/data/satudora/crop/02_503_01.jpg,1
CamEngine/Recognition/data/satudora/crop/02_1453_00.jpg,1
CamEngine/Recognition/data/satudora/crop/02_1302_00.jpg,1
CamEngine/Recognition/data/satudora/crop/02_257_00.jpg,1
CamEngine/Recognition/data/satudora/crop/02_485_01.jpg,1
CamEngine/Recognition/data/satudora/crop/02_261_00.jpg,1
CamEngine/Recognition/data/satudora/crop/02_1295_01.jpg,1
CamEngine/Recognition/data/satudora/crop/02_268_01.jpg,1
CamEngine/Recognition/data/satudora/crop/03_249_01.jpg,2
CamEngine/Recognition/data/satudora/crop/03_131_01.jpg,2
CamEngine/Recognition/data/satudora/crop/03_90_01.jpg,2
CamEngine/Recognition/data/satudora/crop/03_241_01.jpg,2
CamEngine/Recognition/data/satudora/crop/03_103_01.jpg,2
CamEngine/Recognition/data/satudora/crop/03_28_00.jpg,2
CamEngine/Recognition/data/satudora/crop/03_61_01.jpg,2
CamEngine/Recognition/data/satudora/crop/03_264_00.jpg,2
CamEngine/Recognition/data/satudora/crop/03_171_01.jpg,2
CamEngine/Recognition/data/satudora/crop/03_166_00.jpg,2
CamEngine/Recognition/data/satudora/crop/03_99_01.jpg,2
CamEngine/Recognition/data/satudora/crop/03_147_00.jpg,2
CamEngine/Recognition/data/satudora/crop/03_269_01.jpg,2
CamEngine/Recognition/data/satudora/crop/03_359_00.jpg,2
CamEngine/Recognition/data/satudora/crop/03_232_00.jpg,2
CamEngine/Recognition/data/satudora/crop/03_18_00.jpg,2
CamEngine/Recognition/data/satudora/crop/03_254_00.jpg,2
CamEngine/Recognition/data/satudora/crop/03_35_01.jpg,2
CamEngine/Recognition/data/satudora/crop/03_395_00.jpg,2
CamEngine/Recognition/data/satudora/crop/03_256_00.jpg,2
CamEngine/Recognition/data/satudora/crop/03_297_01.jpg,2
CamEngine/Recognition/data/satudora/crop/03_284_01.jpg,2
CamEngine/Recognition/data/satudora/crop/03_340_00.jpg,2
CamEngine/Recognition/data/satudora/crop/03_238_00.jpg,2
CamEngine/Recognition/data/satudora/crop/03_351_00.jpg,2
CamEngine/Recognition/data/satudora/crop/03_246_00.jpg,2
CamEngine/Recognition/data/satudora/crop/03_87_00.jpg,2
CamEngine/Recognition/data/satudora/crop/03_72_01.jpg,2
CamEngine/Recognition/data/satudora/crop/03_272_00.jpg,2
CamEngine/Recognition/data/satudora/crop/03_141_01.jpg,2
CamEngine/Recognition/data/satudora/crop/03_161_00.jpg,2
CamEngine/Recognition/data/satudora/crop/03_109_00.jpg,2
CamEngine/Recognition/data/satudora/crop/03_263_01.jpg,2
CamEngine/Recognition/data/satudora/crop/03_277_00.jpg,2
CamEngine/Recognition/data/satudora/crop/03_182_01.jpg,2
CamEngine/Recognition/data/satudora/crop/03_146_01.jpg,2
CamEngine/Recognition/data/satudora/crop/03_71_01.jpg,2
CamEngine/Recognition/data/satudora/crop/03_250_00.jpg,2
CamEngine/Recognition/data/satudora/crop/03_286_01.jpg,2
CamEngine/Recognition/data/satudora/crop/03_80_00.jpg,2
CamEngine/Recognition/data/satudora/crop/03_311_01.jpg,2
CamEngine/Recognition/data/satudora/crop/03_355_00.jpg,2
CamEngine/Recognition/data/satudora/crop/03_276_01.jpg,2
CamEngine/Recognition/data/satudora/crop/03_76_01.jpg,2
CamEngine/Recognition/data/satudora/crop/03_364_00.jpg,2
CamEngine/Recognition/data/satudora/crop/03_314_01.jpg,2
CamEngine/Recognition/data/satudora/crop/03_334_00.jpg,2
CamEngine/Recognition/data/satudora/crop/03_143_01.jpg,2
CamEngine/Recognition/data/satudora/crop/03_306_00.jpg,2
CamEngine/Recognition/data/satudora/crop/03_216_00.jpg,2
CamEngine/Recognition/data/satudora/crop/03_265_01.jpg,2
CamEngine/Recognition/data/satudora/crop/03_117_00.jpg,2
CamEngine/Recognition/data/satudora/crop/03_38_01.jpg,2
CamEngine/Recognition/data/satudora/crop/03_212_00.jpg,2
CamEngine/Recognition/data/satudora/crop/03_209_00.jpg,2
CamEngine/Recognition/data/satudora/crop/03_45_01.jpg,2
CamEngine/Recognition/data/satudora/crop/03_208_00.jpg,2
CamEngine/Recognition/data/satudora/crop/03_122_00.jpg,2
CamEngine/Recognition/data/satudora/crop/03_357_00.jpg,2
CamEngine/Recognition/data/satudora/crop/03_347_00.jpg,2
CamEngine/Recognition/data/satudora/crop/03_315_01.jpg,2
CamEngine/Recognition/data/satudora/crop/03_56_01.jpg,2
CamEngine/Recognition/data/satudora/crop/03_228_01.jpg,2
CamEngine/Recognition/data/satudora/crop/03_36_00.jpg,2
CamEngine/Recognition/data/satudora/crop/03_255_01.jpg,2
CamEngine/Recognition/data/satudora/crop/03_40_01.jpg,2
CamEngine/Recognition/data/satudora/crop/03_329_00.jpg,2
CamEngine/Recognition/data/satudora/crop/03_294_00.jpg,2
CamEngine/Recognition/data/satudora/crop/03_178_01.jpg,2
CamEngine/Recognition/data/satudora/crop/03_375_00.jpg,2
CamEngine/Recognition/data/satudora/crop/03_34_01.jpg,2
CamEngine/Recognition/data/satudora/crop/03_394_00.jpg,2
CamEngine/Recognition/data/satudora/crop/03_150_00.jpg,2
CamEngine/Recognition/data/satudora/crop/03_107_00.jpg,2
CamEngine/Recognition/data/satudora/crop/03_88_01.jpg,2
CamEngine/Recognition/data/satudora/crop/03_110_00.jpg,2
CamEngine/Recognition/data/satudora/crop/03_133_00.jpg,2
CamEngine/Recognition/data/satudora/crop/03_353_00.jpg,2
CamEngine/Recognition/data/satudora/crop/03_168_01.jpg,2
CamEngine/Recognition/data/satudora/crop/03_267_01.jpg,2
CamEngine/Recognition/data/satudora/crop/03_234_00.jpg,2
CamEngine/Recognition/data/satudora/crop/03_69_01.jpg,2
CamEngine/Recognition/data/satudora/crop/03_201_00.jpg,2
CamEngine/Recognition/data/satudora/crop/03_115_00.jpg,2
CamEngine/Recognition/data/satudora/crop/03_266_00.jpg,2
CamEngine/Recognition/data/satudora/crop/03_378_00.jpg,2
CamEngine/Recognition/data/satudora/crop/03_195_01.jpg,2
CamEngine/Recognition/data/satudora/crop/03_85_01.jpg,2
CamEngine/Recognition/data/satudora/crop/03_174_01.jpg,2
CamEngine/Recognition/data/satudora/crop/03_84_01.jpg,2
CamEngine/Recognition/data/satudora/crop/03_51_01.jpg,2
CamEngine/Recognition/data/satudora/crop/03_268_00.jpg,2
CamEngine/Recognition/data/satudora/crop/03_189_01.jpg,2
CamEngine/Recognition/data/satudora/crop/03_176_01.jpg,2
CamEngine/Recognition/data/satudora/crop/03_156_01.jpg,2
CamEngine/Recognition/data/satudora/crop/03_218_00.jpg,2
CamEngine/Recognition/data/satudora/crop/03_213_00.jpg,2
CamEngine/Recognition/data/satudora/crop/03_67_01.jpg,2
CamEngine/Recognition/data/satudora/crop/03_3_00.jpg,2
CamEngine/Recognition/data/satudora/crop/03_331_00.jpg,2
CamEngine/Recognition/data/satudora/crop/03_298_00.jpg,2
CamEngine/Recognition/data/satudora/crop/03_10_01.jpg,2
CamEngine/Recognition/data/satudora/crop/03_132_01.jpg,2
CamEngine/Recognition/data/satudora/crop/03_300_00.jpg,2
CamEngine/Recognition/data/satudora/crop/03_308_00.jpg,2
CamEngine/Recognition/data/satudora/crop/03_22_00.jpg,2
CamEngine/Recognition/data/satudora/crop/03_26_01.jpg,2
CamEngine/Recognition/data/satudora/crop/03_233_01.jpg,2
CamEngine/Recognition/data/satudora/crop/03_383_00.jpg,2
CamEngine/Recognition/data/satudora/crop/03_252_00.jpg,2
CamEngine/Recognition/data/satudora/crop/03_9_00.jpg,2
CamEngine/Recognition/data/satudora/crop/03_280_01.jpg,2
CamEngine/Recognition/data/satudora/crop/03_398_00.jpg,2
CamEngine/Recognition/data/satudora/crop/03_214_00.jpg,2
CamEngine/Recognition/data/satudora/crop/03_348_00.jpg,2
CamEngine/Recognition/data/satudora/crop/03_98_01.jpg,2
CamEngine/Recognition/data/satudora/crop/03_93_01.jpg,2
CamEngine/Recognition/data/satudora/crop/03_356_00.jpg,2
CamEngine/Recognition/data/satudora/crop/03_62_01.jpg,2
CamEngine/Recognition/data/satudora/crop/03_360_01.jpg,2
CamEngine/Recognition/data/satudora/crop/03_200_00.jpg,2
CamEngine/Recognition/data/satudora/crop/03_257_01.jpg,2
CamEngine/Recognition/data/satudora/crop/03_290_00.jpg,2
CamEngine/Recognition/data/satudora/crop/03_274_00.jpg,2
CamEngine/Recognition/data/satudora/crop/03_53_01.jpg,2
CamEngine/Recognition/data/satudora/crop/03_381_00.jpg,2
CamEngine/Recognition/data/satudora/crop/03_260_00.jpg,2
CamEngine/Recognition/data/satudora/crop/03_149_00.jpg,2
CamEngine/Recognition/data/satudora/crop/03_41_00.jpg,2
CamEngine/Recognition/data/satudora/crop/03_221_00.jpg,2
CamEngine/Recognition/data/satudora/crop/03_270_00.jpg,2
CamEngine/Recognition/data/satudora/crop/03_358_00.jpg,2
CamEngine/Recognition/data/satudora/crop/03_169_00.jpg,2
CamEngine/Recognition/data/satudora/crop/03_293_01.jpg,2
CamEngine/Recognition/data/satudora/crop/03_382_00.jpg,2
CamEngine/Recognition/data/satudora/crop/03_63_01.jpg,2
CamEngine/Recognition/data/satudora/crop/03_108_00.jpg,2
CamEngine/Recognition/data/satudora/crop/03_135_00.jpg,2
CamEngine/Recognition/data/satudora/crop/03_248_00.jpg,2
CamEngine/Recognition/data/satudora/crop/03_64_01.jpg,2
CamEngine/Recognition/data/satudora/crop/03_116_00.jpg,2
CamEngine/Recognition/data/satudora/crop/03_184_00.jpg,2
CamEngine/Recognition/data/satudora/crop/03_281_00.jpg,2
CamEngine/Recognition/data/satudora/crop/03_362_00.jpg,2
CamEngine/Recognition/data/satudora/crop/03_204_00.jpg,2
CamEngine/Recognition/data/satudora/crop/03_186_01.jpg,2
CamEngine/Recognition/data/satudora/crop/03_46_01.jpg,2
CamEngine/Recognition/data/satudora/crop/03_310_00.jpg,2
CamEngine/Recognition/data/satudora/crop/03_369_00.jpg,2
CamEngine/Recognition/data/satudora/crop/03_227_00.jpg,2
CamEngine/Recognition/data/satudora/crop/03_13_00.jpg,2
CamEngine/Recognition/data/satudora/crop/03_384_00.jpg,2
CamEngine/Recognition/data/satudora/crop/03_365_00.jpg,2
CamEngine/Recognition/data/satudora/crop/03_23_00.jpg,2
CamEngine/Recognition/data/satudora/crop/03_86_01.jpg,2
CamEngine/Recognition/data/satudora/crop/03_320_00.jpg,2
CamEngine/Recognition/data/satudora/crop/03_177_00.jpg,2
CamEngine/Recognition/data/satudora/crop/03_125_00.jpg,2
CamEngine/Recognition/data/satudora/crop/03_244_00.jpg,2
CamEngine/Recognition/data/satudora/crop/03_159_01.jpg,2
CamEngine/Recognition/data/satudora/crop/03_104_01.jpg,2
CamEngine/Recognition/data/satudora/crop/03_206_00.jpg,2
CamEngine/Recognition/data/satudora/crop/03_332_00.jpg,2
CamEngine/Recognition/data/satudora/crop/03_19_00.jpg,2
CamEngine/Recognition/data/satudora/crop/03_47_01.jpg,2
CamEngine/Recognition/data/satudora/crop/03_140_01.jpg,2
CamEngine/Recognition/data/satudora/crop/03_179_01.jpg,2
CamEngine/Recognition/data/satudora/crop/03_5_00.jpg,2
CamEngine/Recognition/data/satudora/crop/03_175_01.jpg,2
CamEngine/Recognition/data/satudora/crop/03_190_01.jpg,2
CamEngine/Recognition/data/satudora/crop/03_207_00.jpg,2
CamEngine/Recognition/data/satudora/crop/03_160_01.jpg,2
CamEngine/Recognition/data/satudora/crop/03_304_00.jpg,2
CamEngine/Recognition/data/satudora/crop/03_367_00.jpg,2
CamEngine/Recognition/data/satudora/crop/03_385_00.jpg,2
CamEngine/Recognition/data/satudora/crop/03_191_01.jpg,2
CamEngine/Recognition/data/satudora/crop/03_243_01.jpg,2
CamEngine/Recognition/data/satudora/crop/03_210_00.jpg,2
CamEngine/Recognition/data/satudora/crop/03_229_00.jpg,2
CamEngine/Recognition/data/satudora/crop/03_198_00.jpg,2
CamEngine/Recognition/data/satudora/crop/03_253_01.jpg,2
CamEngine/Recognition/data/satudora/crop/03_330_00.jpg,2
CamEngine/Recognition/data/satudora/crop/03_1_00.jpg,2
CamEngine/Recognition/data/satudora/crop/03_12_00.jpg,2
CamEngine/Recognition/data/satudora/crop/03_393_00.jpg,2
CamEngine/Recognition/data/satudora/crop/03_4_00.jpg,2
CamEngine/Recognition/data/satudora/crop/03_339_00.jpg,2
CamEngine/Recognition/data/satudora/crop/03_316_01.jpg,2
CamEngine/Recognition/data/satudora/crop/03_301_00.jpg,2
CamEngine/Recognition/data/satudora/crop/03_327_00.jpg,2
CamEngine/Recognition/data/satudora/crop/03_48_01.jpg,2
CamEngine/Recognition/data/satudora/crop/03_349_00.jpg,2
CamEngine/Recognition/data/satudora/crop/03_247_01.jpg,2
CamEngine/Recognition/data/satudora/crop/03_312_00.jpg,2
CamEngine/Recognition/data/satudora/crop/03_153_01.jpg,2
CamEngine/Recognition/data/satudora/crop/03_196_01.jpg,2
CamEngine/Recognition/data/satudora/crop/03_119_00.jpg,2
CamEngine/Recognition/data/satudora/crop/03_288_01.jpg,2
CamEngine/Recognition/data/satudora/crop/03_307_00.jpg,2
CamEngine/Recognition/data/satudora/crop/03_390_00.jpg,2
CamEngine/Recognition/data/satudora/crop/04_760_00.jpg,3
CamEngine/Recognition/data/satudora/crop/04_85_00.jpg,3
CamEngine/Recognition/data/satudora/crop/04_73_00.jpg,3
CamEngine/Recognition/data/satudora/crop/04_1252_00.jpg,3
CamEngine/Recognition/data/satudora/crop/04_1256_00.jpg,3
CamEngine/Recognition/data/satudora/crop/04_86_00.jpg,3
CamEngine/Recognition/data/satudora/crop/04_720_01.jpg,3
CamEngine/Recognition/data/satudora/crop/04_77_00.jpg,3
CamEngine/Recognition/data/satudora/crop/04_1265_01.jpg,3
CamEngine/Recognition/data/satudora/crop/04_71_00.jpg,3
CamEngine/Recognition/data/satudora/crop/04_1312_01.jpg,3
CamEngine/Recognition/data/satudora/crop/04_712_01.jpg,3
CamEngine/Recognition/data/satudora/crop/04_705_01.jpg,3
CamEngine/Recognition/data/satudora/crop/04_44_00.jpg,3
CamEngine/Recognition/data/satudora/crop/04_766_00.jpg,3
CamEngine/Recognition/data/satudora/crop/04_1268_00.jpg,3
CamEngine/Recognition/data/satudora/crop/04_770_00.jpg,3
CamEngine/Recognition/data/satudora/crop/04_1313_01.jpg,3
CamEngine/Recognition/data/satudora/crop/04_730_00.jpg,3
CamEngine/Recognition/data/satudora/crop/04_736_00.jpg,3
CamEngine/Recognition/data/satudora/crop/04_775_00.jpg,3
CamEngine/Recognition/data/satudora/crop/04_1183_01.jpg,3
CamEngine/Recognition/data/satudora/crop/04_74_00.jpg,3
CamEngine/Recognition/data/satudora/crop/04_1293_00.jpg,3
CamEngine/Recognition/data/satudora/crop/04_709_01.jpg,3
CamEngine/Recognition/data/satudora/crop/04_1187_01.jpg,3
CamEngine/Recognition/data/satudora/crop/04_740_00.jpg,3
CamEngine/Recognition/data/satudora/crop/04_711_01.jpg,3
CamEngine/Recognition/data/satudora/crop/04_51_00.jpg,3
CamEngine/Recognition/data/satudora/crop/04_965_01.jpg,3
CamEngine/Recognition/data/satudora/crop/04_1258_00.jpg,3
CamEngine/Recognition/data/satudora/crop/04_1280_00.jpg,3
CamEngine/Recognition/data/satudora/crop/04_962_01.jpg,3
CamEngine/Recognition/data/satudora/crop/04_1315_00.jpg,3
CamEngine/Recognition/data/satudora/crop/04_1195_01.jpg,3
CamEngine/Recognition/data/satudora/crop/04_1260_00.jpg,3
CamEngine/Recognition/data/satudora/crop/04_76_00.jpg,3
CamEngine/Recognition/data/satudora/crop/04_63_00.jpg,3
CamEngine/Recognition/data/satudora/crop/04_708_01.jpg,3
CamEngine/Recognition/data/satudora/crop/04_1237_01.jpg,3
CamEngine/Recognition/data/satudora/crop/04_49_00.jpg,3
CamEngine/Recognition/data/satudora/crop/04_1273_01.jpg,3
CamEngine/Recognition/data/satudora/crop/04_967_01.jpg,3
CamEngine/Recognition/data/satudora/crop/04_1182_01.jpg,3
CamEngine/Recognition/data/satudora/crop/04_1180_01.jpg,3
CamEngine/Recognition/data/satudora/crop/04_1239_01.jpg,3
CamEngine/Recognition/data/satudora/crop/04_1179_01.jpg,3
CamEngine/Recognition/data/satudora/crop/04_1295_00.jpg,3
CamEngine/Recognition/data/satudora/crop/04_1253_00.jpg,3
CamEngine/Recognition/data/satudora/crop/04_1325_01.jpg,3
CamEngine/Recognition/data/satudora/crop/04_1284_00.jpg,3
CamEngine/Recognition/data/satudora/crop/04_1278_01.jpg,3
CamEngine/Recognition/data/satudora/crop/04_1274_01.jpg,3
CamEngine/Recognition/data/satudora/crop/04_1255_01.jpg,3
CamEngine/Recognition/data/satudora/crop/04_753_00.jpg,3
CamEngine/Recognition/data/satudora/crop/04_1191_01.jpg,3
CamEngine/Recognition/data/satudora/crop/04_776_00.jpg,3
CamEngine/Recognition/data/satudora/crop/04_1194_01.jpg,3
CamEngine/Recognition/data/satudora/crop/04_72_00.jpg,3
CamEngine/Recognition/data/satudora/crop/04_966_01.jpg,3
CamEngine/Recognition/data/satudora/crop/04_1277_01.jpg,3
CamEngine/Recognition/data/satudora/crop/04_1319_00.jpg,3
CamEngine/Recognition/data/satudora/crop/04_718_01.jpg,3
CamEngine/Recognition/data/satudora/crop/04_1190_01.jpg,3
CamEngine/Recognition/data/satudora/crop/04_1336_00.jpg,3
CamEngine/Recognition/data/satudora/crop/04_756_00.jpg,3
CamEngine/Recognition/data/satudora/crop/04_764_00.jpg,3
CamEngine/Recognition/data/satudora/crop/04_1297_00.jpg,3
CamEngine/Recognition/data/satudora/crop/04_1301_00.jpg,3
CamEngine/Recognition/data/satudora/crop/04_1322_01.jpg,3
CamEngine/Recognition/data/satudora/crop/04_56_00.jpg,3
CamEngine/Recognition/data/satudora/crop/04_741_00.jpg,3
CamEngine/Recognition/data/satudora/crop/04_702_01.jpg,3
CamEngine/Recognition/data/satudora/crop/04_1290_00.jpg,3
CamEngine/Recognition/data/satudora/crop/04_763_00.jpg,3
CamEngine/Recognition/data/satudora/crop/04_742_00.jpg,3
CamEngine/Recognition/data/satudora/crop/04_1302_01.jpg,3
CamEngine/Recognition/data/satudora/crop/04_1238_01.jpg,3
CamEngine/Recognition/data/satudora/crop/04_1308_00.jpg,3
CamEngine/Recognition/data/satudora/crop/04_767_00.jpg,3
CamEngine/Recognition/data/satudora/crop/04_738_00.jpg,3
CamEngine/Recognition/data/satudora/crop/04_978_01.jpg,3
CamEngine/Recognition/data/satudora/crop/04_969_01.jpg,3
CamEngine/Recognition/data/satudora/crop/04_751_00.jpg,3
CamEngine/Recognition/data/satudora/crop/04_981_01.jpg,3
CamEngine/Recognition/data/satudora/crop/04_961_01.jpg,3
CamEngine/Recognition/data/satudora/crop/04_1197_01.jpg,3
CamEngine/Recognition/data/satudora/crop/04_752_00.jpg,3
CamEngine/Recognition/data/satudora/crop/04_973_01.jpg,3
CamEngine/Recognition/data/satudora/crop/04_1338_01.jpg,3
CamEngine/Recognition/data/satudora/crop/04_1335_00.jpg,3
CamEngine/Recognition/data/satudora/crop/04_762_00.jpg,3
CamEngine/Recognition/data/satudora/crop/04_1248_01.jpg,3
CamEngine/Recognition/data/satudora/crop/04_721_01.jpg,3
CamEngine/Recognition/data/satudora/crop/04_1339_00.jpg,3
CamEngine/Recognition/data/satudora/crop/04_83_00.jpg,3
CamEngine/Recognition/data/satudora/crop/04_1286_00.jpg,3
CamEngine/Recognition/data/satudora/crop/04_1201_00.jpg,3
CamEngine/Recognition/data/satudora/crop/04_1279_01.jpg,3
CamEngine/Recognition/data/satudora/crop/04_69_00.jpg,3
CamEngine/Recognition/data/satudora/crop/04_1267_00.jpg,3
CamEngine/Recognition/data/satudora/crop/04_976_01.jpg,3
CamEngine/Recognition/data/satudora/crop/04_739_00.jpg,3
CamEngine/Recognition/data/satudora/crop/04_719_01.jpg,3
CamEngine/Recognition/data/satudora/crop/04_1283_00.jpg,3
CamEngine/Recognition/data/satudora/crop/04_747_00.jpg,3
CamEngine/Recognition/data/satudora/crop/04_58_01.jpg,3
CamEngine/Recognition/data/satudora/crop/04_1262_00.jpg,3
CamEngine/Recognition/data/satudora/crop/04_983_01.jpg,3
CamEngine/Recognition/data/satudora/crop/04_725_00.jpg,3
CamEngine/Recognition/data/satudora/crop/04_54_01.jpg,3
CamEngine/Recognition/data/satudora/crop/04_745_00.jpg,3
CamEngine/Recognition/data/satudora/crop/04_715_01.jpg,3
CamEngine/Recognition/data/satudora/crop/04_761_00.jpg,3
CamEngine/Recognition/data/satudora/crop/04_1242_01.jpg,3
CamEngine/Recognition/data/satudora/crop/04_1251_00.jpg,3
CamEngine/Recognition/data/satudora/crop/04_737_00.jpg,3
CamEngine/Recognition/data/satudora/crop/04_1263_01.jpg,3
CamEngine/Recognition/data/satudora/crop/04_1333_00.jpg,3
CamEngine/Recognition/data/satudora/crop/04_46_00.jpg,3
CamEngine/Recognition/data/satudora/crop/04_1203_01.jpg,3
CamEngine/Recognition/data/satudora/crop/04_1318_00.jpg,3
CamEngine/Recognition/data/satudora/crop/04_1198_01.jpg,3
CamEngine/Recognition/data/satudora/crop/04_982_01.jpg,3
CamEngine/Recognition/data/satudora/crop/04_754_00.jpg,3
CamEngine/Recognition/data/satudora/crop/04_1200_00.jpg,3
CamEngine/Recognition/data/satudora/crop/04_750_00.jpg,3
CamEngine/Recognition/data/satudora/crop/04_744_00.jpg,3
CamEngine/Recognition/data/satudora/crop/04_75_00.jpg,3
CamEngine/Recognition/data/satudora/crop/04_734_00.jpg,3
CamEngine/Recognition/data/satudora/crop/04_1243_00.jpg,3
CamEngine/Recognition/data/satudora/crop/04_1324_01.jpg,3
CamEngine/Recognition/data/satudora/crop/04_777_00.jpg,3
CamEngine/Recognition/data/satudora/crop/04_1332_00.jpg,3
CamEngine/Recognition/data/satudora/crop/04_1291_01.jpg,3
CamEngine/Recognition/data/satudora/crop/04_1311_01.jpg,3
CamEngine/Recognition/data/satudora/crop/04_1299_00.jpg,3
CamEngine/Recognition/data/satudora/crop/04_1204_01.jpg,3
CamEngine/Recognition/data/satudora/crop/04_758_00.jpg,3
CamEngine/Recognition/data/satudora/crop/04_749_00.jpg,3
CamEngine/Recognition/data/satudora/crop/04_774_00.jpg,3
CamEngine/Recognition/data/satudora/crop/04_53_00.jpg,3
CamEngine/Recognition/data/satudora/crop/04_1287_00.jpg,3
CamEngine/Recognition/data/satudora/crop/04_1266_01.jpg,3
CamEngine/Recognition/data/satudora/crop/04_728_00.jpg,3
CamEngine/Recognition/data/satudora/crop/04_1292_01.jpg,3
CamEngine/Recognition/data/satudora/crop/04_1246_00.jpg,3
CamEngine/Recognition/data/satudora/crop/04_59_00.jpg,3
CamEngine/Recognition/data/satudora/crop/04_778_00.jpg,3
CamEngine/Recognition/data/satudora/crop/04_1199_01.jpg,3
CamEngine/Recognition/data/satudora/crop/04_979_01.jpg,3
CamEngine/Recognition/data/satudora/crop/04_697_01.jpg,3
CamEngine/Recognition/data/satudora/crop/04_729_00.jpg,3
CamEngine/Recognition/data/satudora/crop/05_882_00.jpg,4
CamEngine/Recognition/data/satudora/crop/05_893_01.jpg,4
CamEngine/Recognition/data/satudora/crop/05_879_00.jpg,4
CamEngine/Recognition/data/satudora/crop/05_850_01.jpg,4
CamEngine/Recognition/data/satudora/crop/05_896_01.jpg,4
CamEngine/Recognition/data/satudora/crop/05_126_01.jpg,4
CamEngine/Recognition/data/satudora/crop/05_931_01.jpg,4
CamEngine/Recognition/data/satudora/crop/05_920_01.jpg,4
CamEngine/Recognition/data/satudora/crop/05_763_01.jpg,4
CamEngine/Recognition/data/satudora/crop/05_816_00.jpg,4
CamEngine/Recognition/data/satudora/crop/05_854_01.jpg,4
CamEngine/Recognition/data/satudora/crop/05_740_01.jpg,4
CamEngine/Recognition/data/satudora/crop/05_809_01.jpg,4
CamEngine/Recognition/data/satudora/crop/05_161_01.jpg,4
CamEngine/Recognition/data/satudora/crop/05_604_00.jpg,4
CamEngine/Recognition/data/satudora/crop/05_812_01.jpg,4
CamEngine/Recognition/data/satudora/crop/05_607_00.jpg,4
CamEngine/Recognition/data/satudora/crop/05_135_01.jpg,4
CamEngine/Recognition/data/satudora/crop/05_606_01.jpg,4
CamEngine/Recognition/data/satudora/crop/05_817_00.jpg,4
CamEngine/Recognition/data/satudora/crop/05_152_01.jpg,4
CamEngine/Recognition/data/satudora/crop/05_582_01.jpg,4
CamEngine/Recognition/data/satudora/crop/05_738_01.jpg,4
CamEngine/Recognition/data/satudora/crop/05_834_01.jpg,4
CamEngine/Recognition/data/satudora/crop/05_741_01.jpg,4
CamEngine/Recognition/data/satudora/crop/05_871_00.jpg,4
CamEngine/Recognition/data/satudora/crop/05_844_01.jpg,4
CamEngine/Recognition/data/satudora/crop/05_929_00.jpg,4
CamEngine/Recognition/data/satudora/crop/05_833_01.jpg,4
CamEngine/Recognition/data/satudora/crop/05_911_01.jpg,4
CamEngine/Recognition/data/satudora/crop/05_590_01.jpg,4
CamEngine/Recognition/data/satudora/crop/05_148_01.jpg,4
CamEngine/Recognition/data/satudora/crop/05_824_01.jpg,4
CamEngine/Recognition/data/satudora/crop/05_877_00.jpg,4
CamEngine/Recognition/data/satudora/crop/05_758_01.jpg,4
CamEngine/Recognition/data/satudora/crop/05_771_01.jpg,4
CamEngine/Recognition/data/satudora/crop/05_813_00.jpg,4
CamEngine/Recognition/data/satudora/crop/05_889_00.jpg,4
CamEngine/Recognition/data/satudora/crop/05_762_01.jpg,4
CamEngine/Recognition/data/satudora/crop/05_884_00.jpg,4
CamEngine/Recognition/data/satudora/crop/05_860_01.jpg,4
CamEngine/Recognition/data/satudora/crop/05_750_01.jpg,4
CamEngine/Recognition/data/satudora/crop/05_831_01.jpg,4
CamEngine/Recognition/data/satudora/crop/05_777_01.jpg,4
CamEngine/Recognition/data/satudora/crop/05_913_01.jpg,4
CamEngine/Recognition/data/satudora/crop/05_136_01.jpg,4
CamEngine/Recognition/data/satudora/crop/05_745_01.jpg,4
CamEngine/Recognition/data/satudora/crop/05_587_01.jpg,4
CamEngine/Recognition/data/satudora/crop/05_580_00.jpg,4
CamEngine/Recognition/data/satudora/crop/05_901_01.jpg,4
CamEngine/Recognition/data/satudora/crop/05_151_01.jpg,4
CamEngine/Recognition/data/satudora/crop/05_748_01.jpg,4
CamEngine/Recognition/data/satudora/crop/05_744_01.jpg,4
CamEngine/Recognition/data/satudora/crop/05_802_00.jpg,4
CamEngine/Recognition/data/satudora/crop/05_749_01.jpg,4
CamEngine/Recognition/data/satudora/crop/05_772_01.jpg,4
CamEngine/Recognition/data/satudora/crop/05_863_00.jpg,4
CamEngine/Recognition/data/satudora/crop/05_888_00.jpg,4
CamEngine/Recognition/data/satudora/crop/05_894_01.jpg,4
CamEngine/Recognition/data/satudora/crop/05_149_01.jpg,4
CamEngine/Recognition/data/satudora/crop/05_608_01.jpg,4
CamEngine/Recognition/data/satudora/crop/05_923_00.jpg,4
CamEngine/Recognition/data/satudora/crop/05_157_00.jpg,4
CamEngine/Recognition/data/satudora/crop/05_765_01.jpg,4
CamEngine/Recognition/data/satudora/crop/05_579_01.jpg,4
CamEngine/Recognition/data/satudora/crop/05_583_00.jpg,4
CamEngine/Recognition/data/satudora/crop/05_858_01.jpg,4
CamEngine/Recognition/data/satudora/crop/05_919_01.jpg,4
CamEngine/Recognition/data/satudora/crop/05_903_01.jpg,4
CamEngine/Recognition/data/satudora/crop/05_761_01.jpg,4
CamEngine/Recognition/data/satudora/crop/05_788_00.jpg,4
CamEngine/Recognition/data/satudora/crop/05_759_01.jpg,4
CamEngine/Recognition/data/satudora/crop/05_899_01.jpg,4
CamEngine/Recognition/data/satudora/crop/05_890_00.jpg,4
CamEngine/Recognition/data/satudora/crop/05_143_00.jpg,4
CamEngine/Recognition/data/satudora/crop/05_165_01.jpg,4
CamEngine/Recognition/data/satudora/crop/05_127_01.jpg,4
CamEngine/Recognition/data/satudora/crop/05_801_00.jpg,4
CamEngine/Recognition/data/satudora/crop/05_783_00.jpg,4
CamEngine/Recognition/data/satudora/crop/05_826_01.jpg,4
CamEngine/Recognition/data/satudora/crop/05_159_00.jpg,4
CamEngine/Recognition/data/satudora/crop/05_153_00.jpg,4
CamEngine/Recognition/data/satudora/crop/05_155_00.jpg,4
CamEngine/Recognition/data/satudora/crop/05_814_00.jpg,4
CamEngine/Recognition/data/satudora/crop/05_754_01.jpg,4
CamEngine/Recognition/data/satudora/crop/05_818_01.jpg,4
CamEngine/Recognition/data/satudora/crop/05_846_01.jpg,4
CamEngine/Recognition/data/satudora/crop/05_922_00.jpg,4
CamEngine/Recognition/data/satudora/crop/05_795_00.jpg,4
CamEngine/Recognition/data/satudora/crop/05_599_01.jpg,4
CamEngine/Recognition/data/satudora/crop/05_870_00.jpg,4
CamEngine/Recognition/data/satudora/crop/05_778_01.jpg,4
CamEngine/Recognition/data/satudora/crop/05_742_01.jpg,4
CamEngine/Recognition/data/satudora/crop/05_130_00.jpg,4
CamEngine/Recognition/data/satudora/crop/05_900_01.jpg,4
CamEngine/Recognition/data/satudora/crop/05_839_01.jpg,4
CamEngine/Recognition/data/satudora/crop/05_776_01.jpg,4
CamEngine/Recognition/data/satudora/crop/05_146_00.jpg,4
CamEngine/Recognition/data/satudora/crop/05_845_01.jpg,4
CamEngine/Recognition/data/satudora/crop/05_603_01.jpg,4
CamEngine/Recognition/data/satudora/crop/05_875_01.jpg,4
CamEngine/Recognition/data/satudora/crop/05_873_01.jpg,4
CamEngine/Recognition/data/satudora/crop/05_757_01.jpg,4
CamEngine/Recognition/data/satudora/crop/05_868_00.jpg,4
CamEngine/Recognition/data/satudora/crop/05_799_00.jpg,4
CamEngine/Recognition/data/satudora/crop/05_869_00.jpg,4
CamEngine/Recognition/data/satudora/crop/05_594_01.jpg,4
CamEngine/Recognition/data/satudora/crop/05_160_00.jpg,4
CamEngine/Recognition/data/satudora/crop/05_864_00.jpg,4
CamEngine/Recognition/data/satudora/crop/05_909_01.jpg,4
CamEngine/Recognition/data/satudora/crop/05_585_00.jpg,4
CamEngine/Recognition/data/satudora/crop/05_609_00.jpg,4
CamEngine/Recognition/data/satudora/crop/05_830_01.jpg,4
CamEngine/Recognition/data/satudora/crop/05_838_01.jpg,4
CamEngine/Recognition/data/satudora/crop/05_926_00.jpg,4
CamEngine/Recognition/data/satudora/crop/05_784_00.jpg,4
CamEngine/Recognition/data/satudora/crop/05_914_01.jpg,4
CamEngine/Recognition/data/satudora/crop/05_915_01.jpg,4
CamEngine/Recognition/data/satudora/crop/05_925_00.jpg,4
CamEngine/Recognition/data/satudora/crop/05_797_00.jpg,4
CamEngine/Recognition/data/satudora/crop/05_578_00.jpg,4
CamEngine/Recognition/data/satudora/crop/05_930_00.jpg,4
CamEngine/Recognition/data/satudora/crop/05_908_01.jpg,4
CamEngine/Recognition/data/satudora/crop/05_820_01.jpg,4
CamEngine/Recognition/data/satudora/crop/05_793_00.jpg,4
CamEngine/Recognition/data/satudora/crop/05_600_01.jpg,4
CamEngine/Recognition/data/satudora/crop/05_570_00.jpg,4
CamEngine/Recognition/data/satudora/crop/05_912_01.jpg,4
CamEngine/Recognition/data/satudora/crop/05_141_00.jpg,4
CamEngine/Recognition/data/satudora/crop/05_597_00.jpg,4
CamEngine/Recognition/data/satudora/crop/06_564_00.jpg,5
CamEngine/Recognition/data/satudora/crop/06_380_01.jpg,5
CamEngine/Recognition/data/satudora/crop/06_643_01.jpg,5
CamEngine/Recognition/data/satudora/crop/06_638_00.jpg,5
CamEngine/Recognition/data/satudora/crop/06_465_00.jpg,5
CamEngine/Recognition/data/satudora/crop/06_700_00.jpg,5
CamEngine/Recognition/data/satudora/crop/06_476_00.jpg,5
CamEngine/Recognition/data/satudora/crop/06_726_01.jpg,5
CamEngine/Recognition/data/satudora/crop/06_653_01.jpg,5
CamEngine/Recognition/data/satudora/crop/06_464_00.jpg,5
CamEngine/Recognition/data/satudora/crop/06_368_01.jpg,5
CamEngine/Recognition/data/satudora/crop/06_699_01.jpg,5
CamEngine/Recognition/data/satudora/crop/06_688_01.jpg,5
CamEngine/Recognition/data/satudora/crop/06_463_01.jpg,5
CamEngine/Recognition/data/satudora/crop/06_662_00.jpg,5
CamEngine/Recognition/data/satudora/crop/06_631_01.jpg,5
CamEngine/Recognition/data/satudora/crop/06_416_01.jpg,5
CamEngine/Recognition/data/satudora/crop/06_415_01.jpg,5
CamEngine/Recognition/data/satudora/crop/06_728_01.jpg,5
CamEngine/Recognition/data/satudora/crop/06_363_01.jpg,5
CamEngine/Recognition/data/satudora/crop/06_694_01.jpg,5
CamEngine/Recognition/data/satudora/crop/06_447_00.jpg,5
CamEngine/Recognition/data/satudora/crop/06_617_00.jpg,5
CamEngine/Recognition/data/satudora/crop/06_471_01.jpg,5
CamEngine/Recognition/data/satudora/crop/06_376_01.jpg,5
CamEngine/Recognition/data/satudora/crop/06_543_00.jpg,5
CamEngine/Recognition/data/satudora/crop/06_727_01.jpg,5
CamEngine/Recognition/data/satudora/crop/06_385_01.jpg,5
CamEngine/Recognition/data/satudora/crop/06_369_01.jpg,5
CamEngine/Recognition/data/satudora/crop/06_731_01.jpg,5
CamEngine/Recognition/data/satudora/crop/06_390_01.jpg,5
CamEngine/Recognition/data/satudora/crop/06_680_01.jpg,5
CamEngine/Recognition/data/satudora/crop/06_454_01.jpg,5
CamEngine/Recognition/data/satudora/crop/06_656_00.jpg,5
CamEngine/Recognition/data/satudora/crop/06_507_00.jpg,5
CamEngine/Recognition/data/satudora/crop/06_477_01.jpg,5
CamEngine/Recognition/data/satudora/crop/06_590_00.jpg,5
CamEngine/Recognition/data/satudora/crop/06_591_00.jpg,5
CamEngine/Recognition/data/satudora/crop/06_626_01.jpg,5
CamEngine/Recognition/data/satudora/crop/06_401_01.jpg,5
CamEngine/Recognition/data/satudora/crop/06_502_01.jpg,5
CamEngine/Recognition/data/satudora/crop/06_667_01.jpg,5
CamEngine/Recognition/data/satudora/crop/06_482_01.jpg,5
CamEngine/Recognition/data/satudora/crop/06_487_00.jpg,5
CamEngine/Recognition/data/satudora/crop/06_645_01.jpg,5
CamEngine/Recognition/data/satudora/crop/06_521_00.jpg,5
CamEngine/Recognition/data/satudora/crop/06_522_01.jpg,5
CamEngine/Recognition/data/satudora/crop/06_556_00.jpg,5
CamEngine/Recognition/data/satudora/crop/06_724_01.jpg,5
CamEngine/Recognition/data/satudora/crop/06_579_00.jpg,5
CamEngine/Recognition/data/satudora/crop/06_508_01.jpg,5
CamEngine/Recognition/data/satudora/crop/06_379_01.jpg,5
CamEngine/Recognition/data/satudora/crop/06_407_00.jpg,5
CamEngine/Recognition/data/satudora/crop/06_684_01.jpg,5
CamEngine/Recognition/data/satudora/crop/06_681_00.jpg,5
CamEngine/Recognition/data/satudora/crop/06_544_01.jpg,5
CamEngine/Recognition/data/satudora/crop/06_709_00.jpg,5
CamEngine/Recognition/data/satudora/crop/06_500_01.jpg,5
CamEngine/Recognition/data/satudora/crop/06_647_01.jpg,5
CamEngine/Recognition/data/satudora/crop/06_604_01.jpg,5
CamEngine/Recognition/data/satudora/crop/06_677_00.jpg,5
CamEngine/Recognition/data/satudora/crop/06_689_00.jpg,5
CamEngine/Recognition/data/satudora/crop/06_563_01.jpg,5
CamEngine/Recognition/data/satudora/crop/06_526_01.jpg,5
CamEngine/Recognition/data/satudora/crop/06_720_00.jpg,5
CamEngine/Recognition/data/satudora/crop/06_513_00.jpg,5
CamEngine/Recognition/data/satudora/crop/06_400_00.jpg,5
CamEngine/Recognition/data/satudora/crop/06_712_00.jpg,5
CamEngine/Recognition/data/satudora/crop/06_547_01.jpg,5
CamEngine/Recognition/data/satudora/crop/06_378_01.jpg,5
CamEngine/Recognition/data/satudora/crop/06_524_01.jpg,5
CamEngine/Recognition/data/satudora/crop/06_494_01.jpg,5
CamEngine/Recognition/data/satudora/crop/06_627_00.jpg,5
CamEngine/Recognition/data/satudora/crop/06_706_00.jpg,5
CamEngine/Recognition/data/satudora/crop/06_710_00.jpg,5
CamEngine/Recognition/data/satudora/crop/06_459_01.jpg,5
CamEngine/Recognition/data/satudora/crop/06_474_00.jpg,5
CamEngine/Recognition/data/satudora/crop/06_528_01.jpg,5
CamEngine/Recognition/data/satudora/crop/06_683_00.jpg,5
CamEngine/Recognition/data/satudora/crop/06_428_00.jpg,5
CamEngine/Recognition/data/satudora/crop/06_484_01.jpg,5
CamEngine/Recognition/data/satudora/crop/06_725_01.jpg,5
CamEngine/Recognition/data/satudora/crop/06_610_01.jpg,5
CamEngine/Recognition/data/satudora/crop/06_381_01.jpg,5
CamEngine/Recognition/data/satudora/crop/06_460_00.jpg,5
CamEngine/Recognition/data/satudora/crop/06_616_01.jpg,5
CamEngine/Recognition/data/satudora/crop/06_396_01.jpg,5
CamEngine/Recognition/data/satudora/crop/06_509_00.jpg,5
CamEngine/Recognition/data/satudora/crop/06_629_01.jpg,5
CamEngine/Recognition/data/satudora/crop/06_501_01.jpg,5
CamEngine/Recognition/data/satudora/crop/06_691_01.jpg,5
CamEngine/Recognition/data/satudora/crop/06_608_00.jpg,5
CamEngine/Recognition/data/satudora/crop/06_574_01.jpg,5
CamEngine/Recognition/data/satudora/crop/06_730_01.jpg,5
CamEngine/Recognition/data/satudora/crop/06_703_00.jpg,5
CamEngine/Recognition/data/satudora/crop/06_429_01.jpg,5
CamEngine/Recognition/data/satudora/crop/06_523_00.jpg,5
CamEngine/Recognition/data/satudora/crop/06_488_01.jpg,5
CamEngine/Recognition/data/satudora/crop/06_679_00.jpg,5
CamEngine/Recognition/data/satudora/crop/06_693_00.jpg,5
CamEngine/Recognition/data/satudora/crop/06_472_01.jpg,5
CamEngine/Recognition/data/satudora/crop/06_436_01.jpg,5
CamEngine/Recognition/data/satudora/crop/06_404_01.jpg,5
CamEngine/Recognition/data/satudora/crop/06_410_00.jpg,5
CamEngine/Recognition/data/satudora/crop/06_554_01.jpg,5
CamEngine/Recognition/data/satudora/crop/06_707_00.jpg,5
CamEngine/Recognition/data/satudora/crop/06_386_01.jpg,5
CamEngine/Recognition/data/satudora/crop/06_538_01.jpg,5
CamEngine/Recognition/data/satudora/crop/06_682_01.jpg,5
CamEngine/Recognition/data/satudora/crop/06_535_00.jpg,5
CamEngine/Recognition/data/satudora/crop/06_711_00.jpg,5
CamEngine/Recognition/data/satudora/crop/06_374_01.jpg,5
CamEngine/Recognition/data/satudora/crop/06_395_01.jpg,5
CamEngine/Recognition/data/satudora/crop/06_531_00.jpg,5
CamEngine/Recognition/data/satudora/crop/06_397_01.jpg,5
CamEngine/Recognition/data/satudora/crop/06_676_01.jpg,5
CamEngine/Recognition/data/satudora/crop/06_403_01.jpg,5
CamEngine/Recognition/data/satudora/crop/06_426_01.jpg,5
CamEngine/Recognition/data/satudora/crop/06_371_01.jpg,5
CamEngine/Recognition/data/satudora/crop/06_504_01.jpg,5
CamEngine/Recognition/data/satudora/crop/06_480_01.jpg,5
CamEngine/Recognition/data/satudora/crop/06_485_00.jpg,5
CamEngine/Recognition/data/satudora/crop/06_423_01.jpg,5
CamEngine/Recognition/data/satudora/crop/06_542_01.jpg,5
CamEngine/Recognition/data/satudora/crop/06_637_01.jpg,5
CamEngine/Recognition/data/satudora/crop/06_636_00.jpg,5
CamEngine/Recognition/data/satudora/crop/06_640_00.jpg,5
CamEngine/Recognition/data/satudora/crop/06_490_00.jpg,5
CamEngine/Recognition/data/satudora/crop/06_628_01.jpg,5
CamEngine/Recognition/data/satudora/crop/06_534_01.jpg,5
CamEngine/Recognition/data/satudora/crop/06_519_01.jpg,5
CamEngine/Recognition/data/satudora/crop/06_665_00.jpg,5
CamEngine/Recognition/data/satudora/crop/06_450_00.jpg,5
CamEngine/Recognition/data/satudora/crop/06_570_01.jpg,5
CamEngine/Recognition/data/satudora/crop/06_678_01.jpg,5
CamEngine/Recognition/data/satudora/crop/06_696_01.jpg,5
CamEngine/Recognition/data/satudora/crop/06_560_00.jpg,5
CamEngine/Recognition/data/satudora/crop/06_541_00.jpg,5
CamEngine/Recognition/data/satudora/crop/06_613_00.jpg,5
CamEngine/Recognition/data/satudora/crop/06_671_00.jpg,5
CamEngine/Recognition/data/satudora/crop/06_359_01.jpg,5
CamEngine/Recognition/data/satudora/crop/06_654_00.jpg,5
CamEngine/Recognition/data/satudora/crop/06_548_01.jpg,5
CamEngine/Recognition/data/satudora/crop/06_382_01.jpg,5
CamEngine/Recognition/data/satudora/crop/06_458_01.jpg,5
CamEngine/Recognition/data/satudora/crop/06_559_01.jpg,5
CamEngine/Recognition/data/satudora/crop/06_503_00.jpg,5
CamEngine/Recognition/data/satudora/crop/06_551_00.jpg,5
CamEngine/Recognition/data/satudora/crop/06_537_00.jpg,5
CamEngine/Recognition/data/satudora/crop/06_642_00.jpg,5
CamEngine/Recognition/data/satudora/crop/06_489_00.jpg,5
CamEngine/Recognition/data/satudora/crop/06_657_01.jpg,5
CamEngine/Recognition/data/satudora/crop/06_698_00.jpg,5
CamEngine/Recognition/data/satudora/crop/06_589_00.jpg,5
CamEngine/Recognition/data/satudora/crop/06_389_01.jpg,5
CamEngine/Recognition/data/satudora/crop/06_649_00.jpg,5
CamEngine/Recognition/data/satudora/crop/06_588_01.jpg,5
CamEngine/Recognition/data/satudora/crop/06_550_01.jpg,5
CamEngine/Recognition/data/satudora/crop/06_562_00.jpg,5
CamEngine/Recognition/data/satudora/crop/06_516_01.jpg,5
CamEngine/Recognition/data/satudora/crop/06_614_01.jpg,5
CamEngine/Recognition/data/satudora/crop/06_444_01.jpg,5
CamEngine/Recognition/data/satudora/crop/06_491_01.jpg,5
CamEngine/Recognition/data/satudora/crop/06_375_01.jpg,5
CamEngine/Recognition/data/satudora/crop/06_708_00.jpg,5
CamEngine/Recognition/data/satudora/crop/06_486_00.jpg,5
CamEngine/Recognition/data/satudora/crop/06_623_00.jpg,5
CamEngine/Recognition/data/satudora/crop/06_384_01.jpg,5
CamEngine/Recognition/data/satudora/crop/06_518_00.jpg,5
CamEngine/Recognition/data/satudora/crop/06_498_00.jpg,5
CamEngine/Recognition/data/satudora/crop/06_452_01.jpg,5
CamEngine/Recognition/data/satudora/crop/06_674_01.jpg,5
CamEngine/Recognition/data/satudora/crop/06_577_00.jpg,5
CamEngine/Recognition/data/satudora/crop/06_533_00.jpg,5
CamEngine/Recognition/data/satudora/crop/06_612_00.jpg,5
CamEngine/Recognition/data/satudora/crop/06_736_01.jpg,5
CamEngine/Recognition/data/satudora/crop/06_425_00.jpg,5
CamEngine/Recognition/data/satudora/crop/06_606_00.jpg,5
CamEngine/Recognition/data/satudora/crop/06_718_00.jpg,5
CamEngine/Recognition/data/satudora/crop/06_651_01.jpg,5
CamEngine/Recognition/data/satudora/crop/06_553_00.jpg,5
CamEngine/Recognition/data/satudora/crop/06_377_01.jpg,5
CamEngine/Recognition/data/satudora/crop/06_434_01.jpg,5
CamEngine/Recognition/data/satudora/crop/06_440_01.jpg,5
CamEngine/Recognition/data/satudora/crop/06_383_01.jpg,5
CamEngine/Recognition/data/satudora/crop/06_661_00.jpg,5
CamEngine/Recognition/data/satudora/crop/06_370_01.jpg,5
CamEngine/Recognition/data/satudora/crop/06_540_01.jpg,5
CamEngine/Recognition/data/satudora/crop/06_493_00.jpg,5
CamEngine/Recognition/data/satudora/crop/07_1232_00.jpg,6
CamEngine/Recognition/data/satudora/crop/07_627_01.jpg,6
CamEngine/Recognition/data/satudora/crop/07_1452_01.jpg,6
CamEngine/Recognition/data/satudora/crop/07_23_01.jpg,6
CamEngine/Recognition/data/satudora/crop/07_892_00.jpg,6
CamEngine/Recognition/data/satudora/crop/07_1441_01.jpg,6
CamEngine/Recognition/data/satudora/crop/07_1225_00.jpg,6
CamEngine/Recognition/data/satudora/crop/07_1448_01.jpg,6
CamEngine/Recognition/data/satudora/crop/07_893_00.jpg,6
CamEngine/Recognition/data/satudora/crop/07_646_01.jpg,6
CamEngine/Recognition/data/satudora/crop/07_1_01.jpg,6
CamEngine/Recognition/data/satudora/crop/07_1432_01.jpg,6
CamEngine/Recognition/data/satudora/crop/07_15_01.jpg,6
CamEngine/Recognition/data/satudora/crop/07_1427_01.jpg,6
CamEngine/Recognition/data/satudora/crop/07_953_01.jpg,6
CamEngine/Recognition/data/satudora/crop/07_1425_01.jpg,6
CamEngine/Recognition/data/satudora/crop/07_1245_00.jpg,6
CamEngine/Recognition/data/satudora/crop/07_1431_01.jpg,6
CamEngine/Recognition/data/satudora/crop/07_1437_00.jpg,6
CamEngine/Recognition/data/satudora/crop/07_31_01.jpg,6
CamEngine/Recognition/data/satudora/crop/07_901_00.jpg,6
CamEngine/Recognition/data/satudora/crop/07_1229_00.jpg,6
CamEngine/Recognition/data/satudora/crop/07_1251_01.jpg,6
CamEngine/Recognition/data/satudora/crop/07_1446_01.jpg,6
CamEngine/Recognition/data/satudora/crop/07_957_01.jpg,6
CamEngine/Recognition/data/satudora/crop/07_1209_00.jpg,6
CamEngine/Recognition/data/satudora/crop/07_903_00.jpg,6
CamEngine/Recognition/data/satudora/crop/07_644_01.jpg,6
CamEngine/Recognition/data/satudora/crop/07_1417_01.jpg,6
CamEngine/Recognition/data/satudora/crop/07_19_01.jpg,6
CamEngine/Recognition/data/satudora/crop/07_1239_00.jpg,6
CamEngine/Recognition/data/satudora/crop/07_24_01.jpg,6
CamEngine/Recognition/data/satudora/crop/07_621_00.jpg,6
CamEngine/Recognition/data/satudora/crop/07_889_01.jpg,6
CamEngine/Recognition/data/satudora/crop/07_898_01.jpg,6
CamEngine/Recognition/data/satudora/crop/07_896_00.jpg,6
CamEngine/Recognition/data/satudora/crop/07_1240_00.jpg,6
CamEngine/Recognition/data/satudora/crop/07_1233_00.jpg,6
CamEngine/Recognition/data/satudora/crop/07_22_01.jpg,6
CamEngine/Recognition/data/satudora/crop/07_1407_00.jpg,6
CamEngine/Recognition/data/satudora/crop/07_904_00.jpg,6
CamEngine/Recognition/data/satudora/crop/07_39_00.jpg,6
CamEngine/Recognition/data/satudora/crop/07_625_00.jpg,6
CamEngine/Recognition/data/satudora/crop/07_899_00.jpg,6
CamEngine/Recognition/data/satudora/crop/07_623_01.jpg,6
CamEngine/Recognition/data/satudora/crop/07_1246_01.jpg,6
CamEngine/Recognition/data/satudora/crop/07_652_01.jpg,6
CamEngine/Recognition/data/satudora/crop/07_1409_01.jpg,6
CamEngine/Recognition/data/satudora/crop/07_30_01.jpg,6
CamEngine/Recognition/data/satudora/crop/07_1472_01.jpg,6
CamEngine/Recognition/data/satudora/crop/07_1457_01.jpg,6
CamEngine/Recognition/data/satudora/crop/07_1464_00.jpg,6
CamEngine/Recognition/data/satudora/crop/07_1467_01.jpg,6
CamEngine/Recognition/data/satudora/crop/07_21_01.jpg,6
CamEngine/Recognition/data/satudora/crop/07_1218_01.jpg,6
CamEngine/Recognition/data/satudora/crop/07_1250_01.jpg,6
CamEngine/Recognition/data/satudora/crop/07_897_01.jpg,6
CamEngine/Recognition/data/satudora/crop/07_946_01.jpg,6
CamEngine/Recognition/data/satudora/crop/07_1444_01.jpg,6
CamEngine/Recognition/data/satudora/crop/07_29_00.jpg,6
CamEngine/Recognition/data/satudora/crop/07_1424_00.jpg,6
CamEngine/Recognition/data/satudora/crop/07_1450_01.jpg,6
CamEngine/Recognition/data/satudora/crop/07_1439_00.jpg,6
CamEngine/Recognition/data/satudora/crop/07_1206_00.jpg,6
CamEngine/Recognition/data/satudora/crop/07_40_00.jpg,6
CamEngine/Recognition/data/satudora/crop/07_940_01.jpg,6
CamEngine/Recognition/data/satudora/crop/07_1226_00.jpg,6
CamEngine/Recognition/data/satudora/crop/07_1397_00.jpg,6
CamEngine/Recognition/data/satudora/crop/07_614_00.jpg,6
CamEngine/Recognition/data/satudora/crop/07_13_01.jpg,6
CamEngine/Recognition/data/satudora/crop/07_28_01.jpg,6
CamEngine/Recognition/data/satudora/crop/07_16_01.jpg,6
CamEngine/Recognition/data/satudora/crop/07_1235_00.jpg,6
CamEngine/Recognition/data/satudora/crop/07_1474_01.jpg,6
CamEngine/Recognition/data/satudora/crop/07_1443_00.jpg,6
CamEngine/Recognition/data/satudora/crop/07_1429_01.jpg,6
CamEngine/Recognition/data/satudora/crop/07_626_00.jpg,6
CamEngine/Recognition/data/satudora/crop/07_939_01.jpg,6
CamEngine/Recognition/data/satudora/crop/07_1430_01.jpg,6
CamEngine/Recognition/data/satudora/crop/07_629_00.jpg,6
CamEngine/Recognition/data/satudora/crop/07_905_00.jpg,6
CamEngine/Recognition/data/satudora/crop/07_5_01.jpg,6
CamEngine/Recognition/data/satudora/crop/07_1422_01.jpg,6
CamEngine/Recognition/data/satudora/crop/07_1205_00.jpg,6
CamEngine/Recognition/data/satudora/crop/07_1253_01.jpg,6
CamEngine/Recognition/data/satudora/crop/07_1447_01.jpg,6
CamEngine/Recognition/data/satudora/crop/07_8_01.jpg,6
CamEngine/Recognition/data/satudora/crop/07_934_01.jpg,6
CamEngine/Recognition/data/satudora/crop/07_1470_01.jpg,6
CamEngine/Recognition/data/satudora/crop/07_951_01.jpg,6
CamEngine/Recognition/data/satudora/crop/07_956_01.jpg,6
CamEngine/Recognition/data/satudora/crop/07_902_00.jpg,6
CamEngine/Recognition/data/satudora/crop/07_1438_01.jpg,6
CamEngine/Recognition/data/satudora/crop/07_948_01.jpg,6
CamEngine/Recognition/data/satudora/crop/07_635_00.jpg,6
CamEngine/Recognition/data/satudora/crop/07_36_01.jpg,6
CamEngine/Recognition/data/satudora/crop/07_1219_01.jpg,6
CamEngine/Recognition/data/satudora/crop/07_1211_01.jpg,6
CamEngine/Recognition/data/satudora/crop/07_1453_01.jpg,6
CamEngine/Recognition/data/satudora/crop/07_958_01.jpg,6
CamEngine/Recognition/data/satudora/crop/07_1398_00.jpg,6
CamEngine/Recognition/data/satudora/crop/07_25_01.jpg,6
CamEngine/Recognition/data/satudora/crop/07_14_01.jpg,6
CamEngine/Recognition/data/satudora/crop/07_648_01.jpg,6
CamEngine/Recognition/data/satudora/crop/07_886_01.jpg,6
CamEngine/Recognition/data/satudora/crop/07_1449_00.jpg,6
CamEngine/Recognition/data/satudora/crop/07_1411_00.jpg,6
CamEngine/Recognition/data/satudora/crop/07_630_00.jpg,6
CamEngine/Recognition/data/satudora/crop/07_1221_01.jpg,6
CamEngine/Recognition/data/satudora/crop/07_890_01.jpg,6
CamEngine/Recognition/data/satudora/crop/07_949_01.jpg,6
CamEngine/Recognition/data/satudora/crop/07_1210_01.jpg,6
CamEngine/Recognition/data/satudora/crop/07_636_01.jpg,6
CamEngine/Recognition/data/satudora/crop/07_624_00.jpg,6
CamEngine/Recognition/data/satudora/crop/07_947_01.jpg,6
CamEngine/Recognition/data/satudora/crop/07_1249_00.jpg,6
CamEngine/Recognition/data/satudora/crop/07_1428_01.jpg,6
CamEngine/Recognition/data/satudora/crop/07_1436_01.jpg,6
CamEngine/Recognition/data/satudora/crop/07_1224_00.jpg,6
CamEngine/Recognition/data/satudora/crop/07_1208_00.jpg,6
CamEngine/Recognition/data/satudora/crop/07_619_01.jpg,6
CamEngine/Recognition/data/satudora/crop/07_1459_00.jpg,6
CamEngine/Recognition/data/satudora/crop/07_628_00.jpg,6
CamEngine/Recognition/data/satudora/crop/07_639_00.jpg,6
CamEngine/Recognition/data/satudora/crop/07_1237_00.jpg,6
CamEngine/Recognition/data/satudora/crop/07_11_01.jpg,6
CamEngine/Recognition/data/satudora/crop/07_882_01.jpg,6
CamEngine/Recognition/data/satudora/crop/07_6_01.jpg,6
CamEngine/Recognition/data/satudora/crop/07_38_00.jpg,6
CamEngine/Recognition/data/satudora/crop/07_1423_00.jpg,6
CamEngine/Recognition/data/satudora/crop/07_1412_00.jpg,6
CamEngine/Recognition/data/satudora/crop/07_1440_01.jpg,6
CamEngine/Recognition/data/satudora/crop/07_1248_00.jpg,6
CamEngine/Recognition/data/satudora/crop/07_1451_01.jpg,6
CamEngine/Recognition/data/satudora/crop/07_27_01.jpg,6
CamEngine/Recognition/data/satudora/crop/07_1241_00.jpg,6
CamEngine/Recognition/data/satudora/crop/07_1213_00.jpg,6
CamEngine/Recognition/data/satudora/crop/07_952_01.jpg,6
CamEngine/Recognition/data/satudora/crop/07_642_01.jpg,6
CamEngine/Recognition/data/satudora/crop/07_17_01.jpg,6
CamEngine/Recognition/data/satudora/crop/07_616_00.jpg,6
CamEngine/Recognition/data/satudora/crop/07_1435_01.jpg,6
CamEngine/Recognition/data/satudora/crop/07_1408_01.jpg,6
CamEngine/Recognition/data/satudora/crop/07_945_01.jpg,6
CamEngine/Recognition/data/satudora/crop/07_3_01.jpg,6
CamEngine/Recognition/data/satudora/crop/07_615_01.jpg,6
CamEngine/Recognition/data/satudora/crop/07_622_01.jpg,6
CamEngine/Recognition/data/satudora/crop/07_1217_02.jpg,6
CamEngine/Recognition/data/satudora/crop/07_35_00.jpg,6
CamEngine/Recognition/data/satudora/crop/07_941_01.jpg,6
CamEngine/Recognition/data/satudora/crop/08_1001_01.jpg,7
CamEngine/Recognition/data/satudora/crop/08_1438_00.jpg,7
CamEngine/Recognition/data/satudora/crop/08_1153_00.jpg,7
CamEngine/Recognition/data/satudora/crop/08_1158_01.jpg,7
CamEngine/Recognition/data/satudora/crop/08_824_00.jpg,7
CamEngine/Recognition/data/satudora/crop/08_466_00.jpg,7
CamEngine/Recognition/data/satudora/crop/08_1389_01.jpg,7
CamEngine/Recognition/data/satudora/crop/08_1163_01.jpg,7
CamEngine/Recognition/data/satudora/crop/08_1448_00.jpg,7
CamEngine/Recognition/data/satudora/crop/08_305_01.jpg,7
CamEngine/Recognition/data/satudora/crop/08_1273_00.jpg,7
CamEngine/Recognition/data/satudora/crop/08_1383_00.jpg,7
CamEngine/Recognition/data/satudora/crop/08_1279_00.jpg,7
CamEngine/Recognition/data/satudora/crop/08_1380_00.jpg,7
CamEngine/Recognition/data/satudora/crop/08_1166_01.jpg,7
CamEngine/Recognition/data/satudora/crop/08_1449_01.jpg,7
CamEngine/Recognition/data/satudora/crop/08_1164_01.jpg,7
CamEngine/Recognition/data/satudora/crop/08_300_01.jpg,7
CamEngine/Recognition/data/satudora/crop/08_471_00.jpg,7
CamEngine/Recognition/data/satudora/crop/08_1007_01.jpg,7
CamEngine/Recognition/data/satudora/crop/08_1392_01.jpg,7
CamEngine/Recognition/data/satudora/crop/08_443_00.jpg,7
CamEngine/Recognition/data/satudora/crop/08_472_00.jpg,7
CamEngine/Recognition/data/satudora/crop/08_450_01.jpg,7
CamEngine/Recognition/data/satudora/crop/08_1010_01.jpg,7
CamEngine/Recognition/data/satudora/crop/08_447_01.jpg,7
CamEngine/Recognition/data/satudora/crop/08_1165_01.jpg,7
CamEngine/Recognition/data/satudora/crop/08_1009_01.jpg,7
CamEngine/Recognition/data/satudora/crop/08_805_00.jpg,7
CamEngine/Recognition/data/satudora/crop/08_469_00.jpg,7
CamEngine/Recognition/data/satudora/crop/08_463_00.jpg,7
CamEngine/Recognition/data/satudora/crop/08_1271_00.jpg,7
CamEngine/Recognition/data/satudora/crop/08_1374_01.jpg,7
CamEngine/Recognition/data/satudora/crop/08_1440_00.jpg,7
CamEngine/Recognition/data/satudora/crop/08_301_01.jpg,7
CamEngine/Recognition/data/satudora/crop/08_812_00.jpg,7
CamEngine/Recognition/data/satudora/crop/08_456_00.jpg,7
CamEngine/Recognition/data/satudora/crop/08_444_00.jpg,7
CamEngine/Recognition/data/satudora/crop/08_288_00.jpg,7
CamEngine/Recognition/data/satudora/crop/08_296_01.jpg,7
CamEngine/Recognition/data/satudora/crop/08_814_01.jpg,7
CamEngine/Recognition/data/satudora/crop/08_1437_01.jpg,7
CamEngine/Recognition/data/satudora/crop/08_997_01.jpg,7
CamEngine/Recognition/data/satudora/crop/08_278_00.jpg,7
CamEngine/Recognition/data/satudora/crop/08_818_00.jpg,7
CamEngine/Recognition/data/satudora/crop/08_1385_00.jpg,7
CamEngine/Recognition/data/satudora/crop/08_477_00.jpg,7
CamEngine/Recognition/data/satudora/crop/08_1005_01.jpg,7
CamEngine/Recognition/data/satudora/crop/08_1160_01.jpg,7
CamEngine/Recognition/data/satudora/crop/08_1008_01.jpg,7
CamEngine/Recognition/data/satudora/crop/08_1434_00.jpg,7
CamEngine/Recognition/data/satudora/crop/08_1280_01.jpg,7
CamEngine/Recognition/data/satudora/crop/08_1439_01.jpg,7
CamEngine/Recognition/data/satudora/crop/08_1372_01.jpg,7
CamEngine/Recognition/data/satudora/crop/08_311_00.jpg,7
CamEngine/Recognition/data/satudora/crop/08_279_01.jpg,7
CamEngine/Recognition/data/satudora/crop/08_985_01.jpg,7
CamEngine/Recognition/data/satudora/crop/08_286_00.jpg,7
CamEngine/Recognition/data/satudora/crop/08_284_00.jpg,7
CamEngine/Recognition/data/satudora/crop/08_309_01.jpg,7
CamEngine/Recognition/data/satudora/crop/08_1478_00.jpg,7
CamEngine/Recognition/data/satudora/crop/08_283_01.jpg,7
CamEngine/Recognition/data/satudora/crop/08_1376_01.jpg,7
CamEngine/Recognition/data/satudora/crop/08_808_00.jpg,7
CamEngine/Recognition/data/satudora/crop/08_468_00.jpg,7
CamEngine/Recognition/data/satudora/crop/08_1451_00.jpg,7
CamEngine/Recognition/data/satudora/crop/08_1004_01.jpg,7
CamEngine/Recognition/data/satudora/crop/08_1161_01.jpg,7
CamEngine/Recognition/data/satudora/crop/08_461_00.jpg,7
CamEngine/Recognition/data/satudora/crop/08_1382_00.jpg,7
CamEngine/Recognition/data/satudora/crop/08_1168_01.jpg,7
CamEngine/Recognition/data/satudora/crop/08_1426_01.jpg,7
CamEngine/Recognition/data/satudora/crop/08_473_00.jpg,7
CamEngine/Recognition/data/satudora/crop/08_1011_01.jpg,7
CamEngine/Recognition/data/satudora/crop/08_1270_00.jpg,7
CamEngine/Recognition/data/satudora/crop/08_480_00.jpg,7
CamEngine/Recognition/data/satudora/crop/08_826_00.jpg,7
CamEngine/Recognition/data/satudora/crop/08_990_01.jpg,7
CamEngine/Recognition/data/satudora/crop/08_1262_01.jpg,7
CamEngine/Recognition/data/satudora/crop/08_1371_01.jpg,7
CamEngine/Recognition/data/satudora/crop/08_829_00.jpg,7
CamEngine/Recognition/data/satudora/crop/08_1286_01.jpg,7
CamEngine/Recognition/data/satudora/crop/08_1002_01.jpg,7
CamEngine/Recognition/data/satudora/crop/08_1375_01.jpg,7
CamEngine/Recognition/data/satudora/crop/08_448_00.jpg,7
CamEngine/Recognition/data/satudora/crop/08_1390_01.jpg,7
CamEngine/Recognition/data/satudora/crop/08_1276_00.jpg,7
CamEngine/Recognition/data/satudora/crop/08_302_01.jpg,7
CamEngine/Recognition/data/satudora/crop/08_986_01.jpg,7
CamEngine/Recognition/data/satudora/crop/08_1444_00.jpg,7
CamEngine/Recognition/data/satudora/crop/08_308_01.jpg,7
CamEngine/Recognition/data/satudora/crop/08_474_01.jpg,7
CamEngine/Recognition/data/satudora/crop/08_483_01.jpg,7
CamEngine/Recognition/data/satudora/crop/08_1266_00.jpg,7
CamEngine/Recognition/data/satudora/crop/08_811_00.jpg,7
CamEngine/Recognition/data/satudora/crop/08_1274_00.jpg,7
CamEngine/Recognition/data/satudora/crop/08_453_01.jpg,7
CamEngine/Recognition/data/satudora/crop/08_1482_01.jpg,7
CamEngine/Recognition/data/satudora/crop/08_1269_00.jpg,7
CamEngine/Recognition/data/satudora/crop/08_1268_01.jpg,7
CamEngine/Recognition/data/satudora/crop/08_1433_00.jpg,7
CamEngine/Recognition/data/satudora/crop/08_298_01.jpg,7
CamEngine/Recognition/data/satudora/crop/08_991_01.jpg,7
CamEngine/Recognition/data/satudora/crop/08_1267_01.jpg,7
CamEngine/Recognition/data/satudora/crop/08_828_00.jpg,7
CamEngine/Recognition/data/satudora/crop/08_1260_01.jpg,7
CamEngine/Recognition/data/satudora/crop/08_449_00.jpg,7
CamEngine/Recognition/data/satudora/crop/08_291_00.jpg,7
CamEngine/Recognition/data/satudora/crop/08_1446_00.jpg,7
CamEngine/Recognition/data/satudora/crop/08_1006_01.jpg,7
CamEngine/Recognition/data/satudora/crop/08_1388_01.jpg,7
CamEngine/Recognition/data/satudora/crop/08_1170_01.jpg,7
CamEngine/Recognition/data/satudora/crop/08_275_01.jpg,7
CamEngine/Recognition/data/satudora/crop/08_458_00.jpg,7
CamEngine/Recognition/data/satudora/crop/08_1386_00.jpg,7
CamEngine/Recognition/data/satudora/crop/08_1442_00.jpg,7
CamEngine/Recognition/data/satudora/crop/08_465_01.jpg,7
CamEngine/Recognition/data/satudora/crop/08_314_00.jpg,7
CamEngine/Recognition/data/satudora/crop/08_1431_00.jpg,7
CamEngine/Recognition/data/satudora/crop/08_806_00.jpg,7
CamEngine/Recognition/data/satudora/crop/08_1283_01.jpg,7
CamEngine/Recognition/data/satudora/crop/08_297_00.jpg,7
CamEngine/Recognition/data/satudora/crop/08_446_01.jpg,7
CamEngine/Recognition/data/satudora/crop/08_989_01.jpg,7
CamEngine/Recognition/data/satudora/crop/08_1156_01.jpg,7
CamEngine/Recognition/data/satudora/crop/09_337_01.jpg,8
CamEngine/Recognition/data/satudora/crop/09_1342_01.jpg,8
CamEngine/Recognition/data/satudora/crop/09_1046_01.jpg,8
CamEngine/Recognition/data/satudora/crop/09_831_00.jpg,8
CamEngine/Recognition/data/satudora/crop/09_1332_01.jpg,8
CamEngine/Recognition/data/satudora/crop/09_1326_00.jpg,8
CamEngine/Recognition/data/satudora/crop/09_1334_01.jpg,8
CamEngine/Recognition/data/satudora/crop/09_1401_00.jpg,8
CamEngine/Recognition/data/satudora/crop/09_325_01.jpg,8
CamEngine/Recognition/data/satudora/crop/09_1048_01.jpg,8
CamEngine/Recognition/data/satudora/crop/09_1067_01.jpg,8
CamEngine/Recognition/data/satudora/crop/09_1122_01.jpg,8
CamEngine/Recognition/data/satudora/crop/09_354_01.jpg,8
CamEngine/Recognition/data/satudora/crop/09_1053_01.jpg,8
CamEngine/Recognition/data/satudora/crop/09_1110_01.jpg,8
CamEngine/Recognition/data/satudora/crop/09_1417_00.jpg,8
CamEngine/Recognition/data/satudora/crop/09_356_01.jpg,8
CamEngine/Recognition/data/satudora/crop/09_334_01.jpg,8
CamEngine/Recognition/data/satudora/crop/09_406_01.jpg,8
CamEngine/Recognition/data/satudora/crop/09_1118_01.jpg,8
CamEngine/Recognition/data/satudora/crop/09_355_01.jpg,8
CamEngine/Recognition/data/satudora/crop/09_1350_00.jpg,8
CamEngine/Recognition/data/satudora/crop/09_1397_01.jpg,8
CamEngine/Recognition/data/satudora/crop/09_1058_01.jpg,8
CamEngine/Recognition/data/satudora/crop/09_342_01.jpg,8
CamEngine/Recognition/data/satudora/crop/09_1059_01.jpg,8
CamEngine/Recognition/data/satudora/crop/09_1328_00.jpg,8
CamEngine/Recognition/data/satudora/crop/09_357_01.jpg,8
CamEngine/Recognition/data/satudora/crop/09_440_00.jpg,8
CamEngine/Recognition/data/satudora/crop/09_830_00.jpg,8
CamEngine/Recognition/data/satudora/crop/09_1319_01.jpg,8
CamEngine/Recognition/data/satudora/crop/09_1320_01.jpg,8
CamEngine/Recognition/data/satudora/crop/09_1056_00.jpg,8
CamEngine/Recognition/data/satudora/crop/09_346_00.jpg,8
CamEngine/Recognition/data/satudora/crop/09_1393_00.jpg,8
CamEngine/Recognition/data/satudora/crop/09_418_00.jpg,8
CamEngine/Recognition/data/satudora/crop/09_1323_00.jpg,8
CamEngine/Recognition/data/satudora/crop/09_1340_00.jpg,8
CamEngine/Recognition/data/satudora/crop/09_1116_01.jpg,8
CamEngine/Recognition/data/satudora/crop/09_1402_00.jpg,8
CamEngine/Recognition/data/satudora/crop/09_1052_01.jpg,8
CamEngine/Recognition/data/satudora/crop/09_1364_00.jpg,8
CamEngine/Recognition/data/satudora/crop/09_1060_01.jpg,8
CamEngine/Recognition/data/satudora/crop/09_409_00.jpg,8
CamEngine/Recognition/data/satudora/crop/09_1406_01.jpg,8
CamEngine/Recognition/data/satudora/crop/09_1042_01.jpg,8
CamEngine/Recognition/data/satudora/crop/09_1106_01.jpg,8
CamEngine/Recognition/data/satudora/crop/09_1370_00.jpg,8
CamEngine/Recognition/data/satudora/crop/09_853_00.jpg,8
CamEngine/Recognition/data/satudora/crop/09_405_00.jpg,8
CamEngine/Recognition/data/satudora/crop/09_317_01.jpg,8
CamEngine/Recognition/data/satudora/crop/09_1055_00.jpg,8
CamEngine/Recognition/data/satudora/crop/09_1327_00.jpg,8
CamEngine/Recognition/data/satudora/crop/09_1360_00.jpg,8
CamEngine/Recognition/data/satudora/crop/09_1043_01.jpg,8
CamEngine/Recognition/data/satudora/crop/09_1381_01.jpg,8
CamEngine/Recognition/data/satudora/crop/09_834_00.jpg,8
CamEngine/Recognition/data/satudora/crop/09_336_01.jpg,8
CamEngine/Recognition/data/satudora/crop/09_1325_00.jpg,8
CamEngine/Recognition/data/satudora/crop/09_1356_00.jpg,8
CamEngine/Recognition/data/satudora/crop/09_840_00.jpg,8
CamEngine/Recognition/data/satudora/crop/09_1107_01.jpg,8
CamEngine/Recognition/data/satudora/crop/09_1057_01.jpg,8
CamEngine/Recognition/data/satudora/crop/09_421_00.jpg,8
CamEngine/Recognition/data/satudora/crop/09_415_00.jpg,8
CamEngine/Recognition/data/satudora/crop/09_339_01.jpg,8
CamEngine/Recognition/data/satudora/crop/09_1418_00.jpg,8
CamEngine/Recognition/data/satudora/crop/09_1414_00.jpg,8
CamEngine/Recognition/data/satudora/crop/09_326_01.jpg,8
CamEngine/Recognition/data/satudora/crop/09_1416_01.jpg,8
CamEngine/Recognition/data/satudora/crop/09_321_01.jpg,8
CamEngine/Recognition/data/satudora/crop/09_1379_01.jpg,8
CamEngine/Recognition/data/satudora/crop/09_318_01.jpg,8
CamEngine/Recognition/data/satudora/crop/09_1099_01.jpg,8
CamEngine/Recognition/data/satudora/crop/09_1348_00.jpg,8
CamEngine/Recognition/data/satudora/crop/09_1408_00.jpg,8
CamEngine/Recognition/data/satudora/crop/09_1322_00.jpg,8
CamEngine/Recognition/data/satudora/crop/09_324_01.jpg,8
CamEngine/Recognition/data/satudora/crop/09_1400_01.jpg,8
CamEngine/Recognition/data/satudora/crop/09_332_01.jpg,8
CamEngine/Recognition/data/satudora/crop/09_1385_01.jpg,8
CamEngine/Recognition/data/satudora/crop/09_1369_00.jpg,8
CamEngine/Recognition/data/satudora/crop/09_1324_00.jpg,8
CamEngine/Recognition/data/satudora/crop/09_1396_01.jpg,8
CamEngine/Recognition/data/satudora/crop/09_1102_01.jpg,8
CamEngine/Recognition/data/satudora/crop/09_854_00.jpg,8
CamEngine/Recognition/data/satudora/crop/09_1330_01.jpg,8
CamEngine/Recognition/data/satudora/crop/09_1384_01.jpg,8
CamEngine/Recognition/data/satudora/crop/09_1357_00.jpg,8
CamEngine/Recognition/data/satudora/crop/09_1123_01.jpg,8
CamEngine/Recognition/data/satudora/crop/09_1338_00.jpg,8
CamEngine/Recognition/data/satudora/crop/09_1367_01.jpg,8
CamEngine/Recognition/data/satudora/crop/09_1109_01.jpg,8
CamEngine/Recognition/data/satudora/crop/09_843_00.jpg,8
CamEngine/Recognition/data/satudora/crop/09_1065_01.jpg,8
CamEngine/Recognition/data/satudora/crop/09_1388_00.jpg,8
CamEngine/Recognition/data/satudora/crop/09_1333_01.jpg,8
CamEngine/Recognition/data/satudora/crop/09_425_01.jpg,8
CamEngine/Recognition/data/satudora/crop/09_419_00.jpg,8
CamEngine/Recognition/data/satudora/crop/09_1395_00.jpg,8
CamEngine/Recognition/data/satudora/crop/09_437_01.jpg,8
CamEngine/Recognition/data/satudora/crop/09_1345_00.jpg,8
CamEngine/Recognition/data/satudora/crop/09_1372_00.jpg,8
CamEngine/Recognition/data/satudora/crop/09_1413_00.jpg,8
CamEngine/Recognition/data/satudora/crop/09_1120_01.jpg,8
CamEngine/Recognition/data/satudora/crop/09_1391_00.jpg,8
CamEngine/Recognition/data/satudora/crop/09_1398_01.jpg,8
CamEngine/Recognition/data/satudora/crop/09_1419_00.jpg,8
CamEngine/Recognition/data/satudora/crop/09_1378_00.jpg,8
CamEngine/Recognition/data/satudora/crop/09_1339_01.jpg,8
CamEngine/Recognition/data/satudora/crop/09_846_00.jpg,8
CamEngine/Recognition/data/satudora/crop/09_1411_01.jpg,8
CamEngine/Recognition/data/satudora/crop/09_1374_00.jpg,8
CamEngine/Recognition/data/satudora/crop/09_345_01.jpg,8
CamEngine/Recognition/data/satudora/crop/09_1115_01.jpg,8
CamEngine/Recognition/data/satudora/crop/09_1365_01.jpg,8
CamEngine/Recognition/data/satudora/crop/09_1097_01.jpg,8
CamEngine/Recognition/data/satudora/crop/09_1343_01.jpg,8
CamEngine/Recognition/data/satudora/crop/09_852_00.jpg,8
CamEngine/Recognition/data/satudora/crop/09_351_01.jpg,8
CamEngine/Recognition/data/satudora/crop/09_414_00.jpg,8
CamEngine/Recognition/data/satudora/crop/09_319_01.jpg,8
CamEngine/Recognition/data/satudora/crop/09_1386_01.jpg,8
CamEngine/Recognition/data/satudora/crop/09_837_00.jpg,8
CamEngine/Recognition/data/satudora/crop/09_1119_01.jpg,8
CamEngine/Recognition/data/satudora/crop/09_429_00.jpg,8
CamEngine/Recognition/data/satudora/crop/09_1422_00.jpg,8
CamEngine/Recognition/data/satudora/crop/09_1114_01.jpg,8
CamEngine/Recognition/data/satudora/crop/09_402_00.jpg,8
CamEngine/Recognition/data/satudora/crop/09_1410_01.jpg,8
CamEngine/Recognition/data/satudora/crop/09_401_00.jpg,8
CamEngine/Recognition/data/satudora/crop/09_1100_01.jpg,8
CamEngine/Recognition/data/satudora/crop/09_1412_01.jpg,8
CamEngine/Recognition/data/satudora/crop/09_1098_01.jpg,8
CamEngine/Recognition/data/satudora/crop/10_1107_00.jpg,9
CamEngine/Recognition/data/satudora/crop/10_566_01.jpg,9
CamEngine/Recognition/data/satudora/crop/10_1157_00.jpg,9
CamEngine/Recognition/data/satudora/crop/10_1128_01.jpg,9
CamEngine/Recognition/data/satudora/crop/10_546_00.jpg,9
CamEngine/Recognition/data/satudora/crop/10_1112_00.jpg,9
CamEngine/Recognition/data/satudora/crop/10_185_01.jpg,9
CamEngine/Recognition/data/satudora/crop/10_171_00.jpg,9
CamEngine/Recognition/data/satudora/crop/10_1142_01.jpg,9
CamEngine/Recognition/data/satudora/crop/10_1102_00.jpg,9
CamEngine/Recognition/data/satudora/crop/10_559_00.jpg,9
CamEngine/Recognition/data/satudora/crop/10_1148_01.jpg,9
CamEngine/Recognition/data/satudora/crop/10_1089_00.jpg,9
CamEngine/Recognition/data/satudora/crop/10_792_01.jpg,9
CamEngine/Recognition/data/satudora/crop/10_526_00.jpg,9
CamEngine/Recognition/data/satudora/crop/10_1228_01.jpg,9
CamEngine/Recognition/data/satudora/crop/10_553_01.jpg,9
CamEngine/Recognition/data/satudora/crop/10_1114_00.jpg,9
CamEngine/Recognition/data/satudora/crop/10_538_00.jpg,9
CamEngine/Recognition/data/satudora/crop/10_1189_00.jpg,9
CamEngine/Recognition/data/satudora/crop/10_1132_01.jpg,9
CamEngine/Recognition/data/satudora/crop/10_1222_00.jpg,9
CamEngine/Recognition/data/satudora/crop/10_1101_00.jpg,9
CamEngine/Recognition/data/satudora/crop/10_1099_00.jpg,9
CamEngine/Recognition/data/satudora/crop/10_200_01.jpg,9
CamEngine/Recognition/data/satudora/crop/10_1105_00.jpg,9
CamEngine/Recognition/data/satudora/crop/10_1071_01.jpg,9
CamEngine/Recognition/data/satudora/crop/10_1198_00.jpg,9
CamEngine/Recognition/data/satudora/crop/10_561_00.jpg,9
CamEngine/Recognition/data/satudora/crop/10_204_01.jpg,9
CamEngine/Recognition/data/satudora/crop/10_1150_01.jpg,9
CamEngine/Recognition/data/satudora/crop/10_530_00.jpg,9
CamEngine/Recognition/data/satudora/crop/10_560_01.jpg,9
CamEngine/Recognition/data/satudora/crop/10_1081_00.jpg,9
CamEngine/Recognition/data/satudora/crop/10_1161_00.jpg,9
CamEngine/Recognition/data/satudora/crop/10_1154_01.jpg,9
CamEngine/Recognition/data/satudora/crop/10_564_01.jpg,9
CamEngine/Recognition/data/satudora/crop/10_552_00.jpg,9
CamEngine/Recognition/data/satudora/crop/10_1214_00.jpg,9
CamEngine/Recognition/data/satudora/crop/10_1088_00.jpg,9
CamEngine/Recognition/data/satudora/crop/10_178_00.jpg,9
CamEngine/Recognition/data/satudora/crop/10_1083_00.jpg,9
CamEngine/Recognition/data/satudora/crop/10_1153_01.jpg,9
CamEngine/Recognition/data/satudora/crop/10_1167_00.jpg,9
CamEngine/Recognition/data/satudora/crop/10_1110_00.jpg,9
CamEngine/Recognition/data/satudora/crop/10_184_01.jpg,9
CamEngine/Recognition/data/satudora/crop/10_1159_00.jpg,9
CamEngine/Recognition/data/satudora/crop/10_1199_00.jpg,9
CamEngine/Recognition/data/satudora/crop/10_1205_01.jpg,9
CamEngine/Recognition/data/satudora/crop/10_1119_00.jpg,9
CamEngine/Recognition/data/satudora/crop/10_1211_00.jpg,9
CamEngine/Recognition/data/satudora/crop/10_1227_01.jpg,9
CamEngine/Recognition/data/satudora/crop/10_544_00.jpg,9
CamEngine/Recognition/data/satudora/crop/10_1217_00.jpg,9
CamEngine/Recognition/data/satudora/crop/10_1172_01.jpg,9
CamEngine/Recognition/data/satudora/crop/10_1129_01.jpg,9
CamEngine/Recognition/data/satudora/crop/10_1229_01.jpg,9
CamEngine/Recognition/data/satudora/crop/10_1094_01.jpg,9
CamEngine/Recognition/data/satudora/crop/10_188_00.jpg,9
CamEngine/Recognition/data/satudora/crop/10_1086_00.jpg,9
CamEngine/Recognition/data/satudora/crop/10_787_01.jpg,9
CamEngine/Recognition/data/satudora/crop/10_1210_00.jpg,9
CamEngine/Recognition/data/satudora/crop/10_1096_00.jpg,9
CamEngine/Recognition/data/satudora/crop/10_1212_01.jpg,9
CamEngine/Recognition/data/satudora/crop/10_173_00.jpg,9
CamEngine/Recognition/data/satudora/crop/10_565_00.jpg,9
CamEngine/Recognition/data/satudora/crop/10_1125_01.jpg,9
CamEngine/Recognition/data/satudora/crop/10_557_00.jpg,9
CamEngine/Recognition/data/satudora/crop/10_198_01.jpg,9
CamEngine/Recognition/data/satudora/crop/10_1204_00.jpg,9
CamEngine/Recognition/data/satudora/crop/10_547_00.jpg,9
CamEngine/Recognition/data/satudora/crop/10_797_01.jpg,9
CamEngine/Recognition/data/satudora/crop/10_1135_00.jpg,9
CamEngine/Recognition/data/satudora/crop/10_535_01.jpg,9
CamEngine/Recognition/data/satudora/crop/10_1186_00.jpg,9
CamEngine/Recognition/data/satudora/crop/10_1143_01.jpg,9
CamEngine/Recognition/data/satudora/crop/10_189_00.jpg,9
CamEngine/Recognition/data/satudora/crop/10_532_00.jpg,9
CamEngine/Recognition/data/satudora/crop/10_1145_01.jpg,9
CamEngine/Recognition/data/satudora/crop/10_1144_01.jpg,9
CamEngine/Recognition/data/satudora/crop/10_1152_01.jpg,9
CamEngine/Recognition/data/satudora/crop/10_1147_01.jpg,9
CamEngine/Recognition/data/satudora/crop/10_1196_00.jpg,9
CamEngine/Recognition/data/satudora/crop/10_1127_00.jpg,9
CamEngine/Recognition/data/satudora/crop/10_1149_01.jpg,9
CamEngine/Recognition/data/satudora/crop/10_1108_00.jpg,9
CamEngine/Recognition/data/satudora/crop/10_1077_01.jpg,9
CamEngine/Recognition/data/satudora/crop/10_210_01.jpg,9
CamEngine/Recognition/data/satudora/crop/10_1173_01.jpg,9
CamEngine/Recognition/data/satudora/crop/10_209_01.jpg,9
CamEngine/Recognition/data/satudora/crop/10_1219_00.jpg,9
CamEngine/Recognition/data/satudora/crop/10_782_01.jpg,9
CamEngine/Recognition/data/satudora/crop/10_567_01.jpg,9
CamEngine/Recognition/data/satudora/crop/10_1220_00.jpg,9
CamEngine/Recognition/data/satudora/crop/10_1163_00.jpg,9
CamEngine/Recognition/data/satudora/crop/10_1221_00.jpg,9
CamEngine/Recognition/data/satudora/crop/10_785_01.jpg,9
CamEngine/Recognition/data/satudora/crop/10_1215_00.jpg,9
CamEngine/Recognition/data/satudora/crop/10_1080_00.jpg,9
CamEngine/Recognition/data/satudora/crop/10_555_01.jpg,9
CamEngine/Recognition/data/satudora/crop/10_781_01.jpg,9
CamEngine/Recognition/data/satudora/crop/10_556_01.jpg,9
CamEngine/Recognition/data/satudora/crop/10_199_01.jpg,9
CamEngine/Recognition/data/satudora/crop/10_1209_01.jpg,9
CamEngine/Recognition/data/satudora/crop/10_193_00.jpg,9
CamEngine/Recognition/data/satudora/crop/10_1171_00.jpg,9
CamEngine/Recognition/data/satudora/crop/10_1188_00.jpg,9
CamEngine/Recognition/data/satudora/crop/10_196_00.jpg,9
CamEngine/Recognition/data/satudora/crop/10_1117_00.jpg,9
CamEngine/Recognition/data/satudora/crop/10_1174_01.jpg,9
CamEngine/Recognition/data/satudora/crop/10_529_01.jpg,9
CamEngine/Recognition/data/satudora/crop/10_191_00.jpg,9
CamEngine/Recognition/data/satudora/crop/10_1200_01.jpg,9
CamEngine/Recognition/data/satudora/crop/10_176_00.jpg,9
CamEngine/Recognition/data/satudora/crop/10_1069_01.jpg,9
CamEngine/Recognition/data/satudora/crop/10_202_01.jpg,9
CamEngine/Recognition/data/satudora/crop/10_537_01.jpg,9
CamEngine/Recognition/data/satudora/crop/10_1082_00.jpg,9
CamEngine/Recognition/data/satudora/crop/10_1118_00.jpg,9
CamEngine/Recognition/data/satudora/crop/10_1185_00.jpg,9
CamEngine/Recognition/data/satudora/crop/10_1231_01.jpg,9
CamEngine/Recognition/data/satudora/crop/10_1179_00.jpg,9
CamEngine/Recognition/data/satudora/crop/10_1203_00.jpg,9
CamEngine/Recognition/data/satudora/crop/10_1225_01.jpg,9
CamEngine/Recognition/data/satudora/crop/10_1079_01.jpg,9
CamEngine/Recognition/data/satudora/crop/10_1162_00.jpg,9
CamEngine/Recognition/data/satudora/crop/10_1120_00.jpg,9
CamEngine/Recognition/data/satudora/crop/10_1084_00.jpg,9
CamEngine/Recognition/data/satudora/crop/10_1156_00.jpg,9
CamEngine/Recognition/data/satudora/crop/10_1166_00.jpg,9
CamEngine/Recognition/data/satudora/crop/10_1213_01.jpg,9
CamEngine/Recognition/data/satudora/crop/10_527_01.jpg,9
CamEngine/Recognition/data/satudora/crop/10_203_01.jpg,9
CamEngine/Recognition/data/satudora/crop/10_1123_00.jpg,9
CamEngine/Recognition/data/satudora/crop/10_1136_00.jpg,9
CamEngine/Recognition/data/satudora/crop/10_543_01.jpg,9
CamEngine/Recognition/data/satudora/crop/10_177_01.jpg,9
CamEngine/Recognition/data/satudora/crop/10_558_01.jpg,9
CamEngine/Recognition/data/satudora/crop/negative/unknow_0_00.jpg,10
CamEngine/Recognition/data/satudora/crop/negative/unknow_1_00.jpg,10
CamEngine/Recognition/data/satudora/crop/negative/unknow_2_00.jpg,10
CamEngine/Recognition/data/satudora/crop/negative/unknow_3_00.jpg,10
CamEngine/Recognition/data/satudora/crop/negative/unknow_4_00.jpg,10
CamEngine/Recognition/data/satudora/crop/negative/unknow_5_00.jpg,10
CamEngine/Recognition/data/satudora/crop/negative/unknow_6_00.jpg,10
CamEngine/Recognition/data/satudora/crop/negative/unknow_7_00.jpg,10
CamEngine/Recognition/data/satudora/crop/negative/unknow_8_00.jpg,10
CamEngine/Recognition/data/satudora/crop/negative/unknow_9_00.jpg,10
CamEngine/Recognition/data/satudora/crop/negative/unknow_10_00.jpg,10
CamEngine/Recognition/data/satudora/crop/negative/unknow_11_00.jpg,10
CamEngine/Recognition/data/satudora/crop/negative/unknow_12_00.jpg,10
CamEngine/Recognition/data/satudora/crop/negative/unknow_13_00.jpg,10
CamEngine/Recognition/data/satudora/crop/negative/unknow_14_00.jpg,10
CamEngine/Recognition/data/satudora/crop/negative/unknow_15_00.jpg,10
CamEngine/Recognition/data/satudora/crop/negative/unknow_16_00.jpg,10
CamEngine/Recognition/data/satudora/crop/negative/unknow_28_00.jpg,10
CamEngine/Recognition/data/satudora/crop/negative/unknow_29_00.jpg,10
CamEngine/Recognition/data/satudora/crop/negative/unknow_30_00.jpg,10
CamEngine/Recognition/data/satudora/crop/negative/unknow_31_00.jpg,10
CamEngine/Recognition/data/satudora/crop/negative/unknow_32_00.jpg,10
CamEngine/Recognition/data/satudora/crop/negative/unknow_33_00.jpg,10
CamEngine/Recognition/data/satudora/crop/negative/unknow_34_00.jpg,10
CamEngine/Recognition/data/satudora/crop/negative/unknow_35_00.jpg,10
CamEngine/Recognition/data/satudora/crop/negative/unknow_36_00.jpg,10
CamEngine/Recognition/data/satudora/crop/negative/unknow_37_00.jpg,10
CamEngine/Recognition/data/satudora/crop/negative/unknow_38_00.jpg,10
CamEngine/Recognition/data/satudora/crop/negative/unknow_39_00.jpg,10
CamEngine/Recognition/data/satudora/crop/negative/unknow_40_00.jpg,10
CamEngine/Recognition/data/satudora/crop/negative/unknow_41_00.jpg,10
CamEngine/Recognition/data/satudora/crop/negative/unknow_42_00.jpg,10
CamEngine/Recognition/data/satudora/crop/negative/unknow_43_00.jpg,10
CamEngine/Recognition/data/satudora/crop/negative/unknow_44_00.jpg,10
CamEngine/Recognition/data/satudora/crop/negative/unknow_45_00.jpg,10
CamEngine/Recognition/data/satudora/crop/negative/unknow_46_00.jpg,10
CamEngine/Recognition/data/satudora/crop/negative/unknow_47_00.jpg,10
CamEngine/Recognition/data/satudora/crop/negative/unknow_48_00.jpg,10
CamEngine/Recognition/data/satudora/crop/negative/unknow_49_00.jpg,10
CamEngine/Recognition/data/satudora/crop/negative/unknow_50_00.jpg,10
CamEngine/Recognition/data/satudora/crop/negative/unknow_66_00.jpg,10
CamEngine/Recognition/data/satudora/crop/negative/unknow_67_00.jpg,10
CamEngine/Recognition/data/satudora/crop/negative/unknow_68_00.jpg,10
CamEngine/Recognition/data/satudora/crop/negative/unknow_69_00.jpg,10
CamEngine/Recognition/data/satudora/crop/negative/unknow_70_00.jpg,10
CamEngine/Recognition/data/satudora/crop/negative/unknow_71_00.jpg,10
CamEngine/Recognition/data/satudora/crop/negative/unknow_72_00.jpg,10
CamEngine/Recognition/data/satudora/crop/negative/unknow_73_00.jpg,10
CamEngine/Recognition/data/satudora/crop/negative/unknow_74_00.jpg,10
CamEngine/Recognition/data/satudora/crop/negative/unknow_75_00.jpg,10
CamEngine/Recognition/data/satudora/crop/negative/unknow_76_00.jpg,10
CamEngine/Recognition/data/satudora/crop/negative/unknow_77_00.jpg,10
CamEngine/Recognition/data/satudora/crop/negative/unknow_78_00.jpg,10
CamEngine/Recognition/data/satudora/crop/negative/unknow_79_00.jpg,10
CamEngine/Recognition/data/satudora/crop/negative/unknow_91_00.jpg,10
CamEngine/Recognition/data/satudora/crop/negative/unknow_92_00.jpg,10
CamEngine/Recognition/data/satudora/crop/negative/unknow_93_00.jpg,10
CamEngine/Recognition/data/satudora/crop/negative/unknow_94_00.jpg,10
CamEngine/Recognition/data/satudora/crop/negative/unknow_95_00.jpg,10
CamEngine/Recognition/data/satudora/crop/negative/unknow_96_00.jpg,10
CamEngine/Recognition/data/satudora/crop/negative/unknow_97_00.jpg,10
CamEngine/Recognition/data/satudora/crop/negative/unknow_98_00.jpg,10
CamEngine/Recognition/data/satudora/crop/negative/unknow_99_00.jpg,10
CamEngine/Recognition/data/satudora/crop/negative/unknow_100_00.jpg,10
CamEngine/Recognition/data/satudora/crop/negative/unknow_101_00.jpg,10
CamEngine/Recognition/data/satudora/crop/negative/unknow_102_00.jpg,10
CamEngine/Recognition/data/satudora/crop/negative/unknow_103_00.jpg,10
CamEngine/Recognition/data/satudora/crop/negative/unknow_113_00.jpg,10
CamEngine/Recognition/data/satudora/crop/negative/unknow_114_00.jpg,10
CamEngine/Recognition/data/satudora/crop/negative/unknow_115_00.jpg,10
CamEngine/Recognition/data/satudora/crop/negative/unknow_116_00.jpg,10
CamEngine/Recognition/data/satudora/crop/negative/unknow_117_00.jpg,10
CamEngine/Recognition/data/satudora/crop/negative/unknow_118_00.jpg,10
CamEngine/Recognition/data/satudora/crop/negative/unknow_119_00.jpg,10
CamEngine/Recognition/data/satudora/crop/negative/unknow_120_00.jpg,10
CamEngine/Recognition/data/satudora/crop/negative/unknow_121_00.jpg,10
CamEngine/Recognition/data/satudora/crop/negative/unknow_122_00.jpg,10
CamEngine/Recognition/data/satudora/crop/negative/unknow_123_00.jpg,10
CamEngine/Recognition/data/satudora/crop/negative/unknow_124_00.jpg,10
CamEngine/Recognition/data/satudora/crop/negative/unknow_125_00.jpg,10
CamEngine/Recognition/data/satudora/crop/negative/unknow_126_00.jpg,10
CamEngine/Recognition/data/satudora/crop/negative/unknow_127_00.jpg,10
CamEngine/Recognition/data/satudora/crop/negative/unknow_128_00.jpg,10
CamEngine/Recognition/data/satudora/crop/negative/unknow_129_00.jpg,10
CamEngine/Recognition/data/satudora/crop/negative/unknow_130_00.jpg,10
CamEngine/Recognition/data/satudora/crop/negative/unknow_131_00.jpg,10
CamEngine/Recognition/data/satudora/crop/negative/unknow_132_00.jpg,10
CamEngine/Recognition/data/satudora/crop/negative/unknow_133_00.jpg,10
CamEngine/Recognition/data/satudora/crop/negative/unknow_134_00.jpg,10
CamEngine/Recognition/data/satudora/crop/negative/unknow_135_00.jpg,10
CamEngine/Recognition/data/satudora/crop/negative/unknow_136_00.jpg,10
CamEngine/Recognition/data/satudora/crop/negative/unknow_137_00.jpg,10
CamEngine/Recognition/data/satudora/crop/negative/unknow_138_00.jpg,10
CamEngine/Recognition/data/satudora/crop/negative/unknow_139_00.jpg,10
CamEngine/Recognition/data/satudora/crop/negative/unknow_140_00.jpg,10
CamEngine/Recognition/data/satudora/crop/negative/unknow_141_00.jpg,10